단지코드,총세대수,전용면적,전용면적별세대수,공가수,지하철역,버스정류장,단지내주차면수,임대보증금,임대료,연면적,위도,경도,subway_dist,환승역 수,총인구수,세대당_인구,남/여비율,남/여_0~19세,남/여_20~39세,남/여_40~69세,남/여_70세이상,0~19세_비율,20~39세_비율,40~69세_비율,70세이상_비율,전용면적_std,전용면적별세대수_std,임대보증금_std,임대료_std,강원도,경기도,경상남도,경상북도,광주광역시,대구광역시,대전광역시,부산광역시,세종특별자치시,울산광역시,전라남도,전라북도,제주특별자치도,충청남도,충청북도,상가,아파트,공공임대(50년),공공임대(분납),국민임대,영구임대,임대상가,행복주택,"공공임대(5년,10년)",A,C,D,E,G,H,I,J,K,L,M,N
C1003,480.0,32.13625,60.0,29.0,0.0,3.0,339.0,22650000.0,115875.0,123.62,128.739696534127,35.3035151243663,0.13054194963762775,1.0,55651.0,2.33,1.0600000000000003,2.1784021665538247,1.1465919701213816,1.088124178712221,0.6799329702555508,0.2232125208891125,0.24786616592693747,0.4568651057483244,0.07205620743562559,9.75081379387675,59.12698199637793,6236986.45180507,32237.67760157138,0,0,1,0,0,0,0,0,0,0,0,0,0,0,0,0,8,0,0,0,0,0,1,0,0,0,0,0,0,0,0,1,0,0,0,0
C1006,1505.0,60.89407407407407,55.74074074074074,27.0,2.0,5.0,428.0,17130649.809097316,1766510.223031129,102.65000000000006,127.37063456057878,36.363538167200176,0.0063374161793539685,1.0,15925.33333333333,2.146666666666668,1.0100000000000007,1.8365019011406853,1.1530612244897964,0.9432685634975712,0.6431199411331862,0.15497320830542535,0.2826523777628935,0.46889651707970564,0.09347789685197581,105.07695744838489,140.77412147249677,15300306.457904516,7281424.739072939,0,0,0,0,0,0,1,0,0,0,0,0,0,0,0,20,7,0,0,0,1,1,0,0,0,1,1,0,0,0,0,0,0,0,0,0
C1016,643.0,48.1425,160.75,4.0,1.0,4.0,646.0,24026750.0,228010.0,6417.44,127.11300293545652,37.325071461411454,0.005541553218191841,2.0,37534.0,2.55,0.955,1.7862759113652609,0.9660249150622876,0.9344592592592592,0.7544401544401544,0.1968348697181222,0.2775083923908989,0.4348590611179198,0.0907976767730591,8.529366428209464,73.40015894624025,3687333.939763706,46722.51348832452,0,1,0,0,0,0,0,0,0,0,0,0,0,0,0,0,4,0,0,1,0,0,0,0,1,0,0,0,0,0,0,0,0,0,0,0
C1019,321.0,44.875,80.25,7.0,0.0,3.0,259.0,14857500.0,126430.0,1659.36,126.428181797068,33.4848566614535,1.6750328836303638,1.0,22086.0,2.53,1.0,2.1766862170087977,1.0169186465082791,1.0205361003026372,0.6100558659217877,0.2578556551661686,0.2536901204382867,0.4232092728425247,0.06524495155301999,5.813917210739529,40.87684756273001,1826158.901446786,21581.35306230821,0,0,0,0,0,0,0,0,0,0,0,0,1,0,0,0,4,0,0,1,0,0,0,0,1,0,0,0,0,0,0,0,0,0,0,0
C1030,75.0,26.338333333333335,11.666666666666666,12.0,1.0,2.0,29.0,51413333.333333336,214216.66666666666,55.949999999999996,127.20146224442458,37.233572409109655,0.004712005536555584,1.0,24927.0,2.06,1.0199999999999998,1.7550831792975965,1.1540418315432446,1.0259225922592259,0.6859867938371239,0.1505997512737192,0.3057327395996308,0.4514783166847193,0.0921891924419304,8.85309757467219,3.6696957185394363,14987753.222770471,62449.048885204546,0,1,0,0,0,0,0,0,0,0,0,0,0,0,0,0,6,0,0,0,0,0,1,0,0,0,0,0,0,0,0,1,0,0,0,0
C1038,554.0,28.42166666666667,91.66666666666667,34.0,0.0,1.0,387.0,61226833.333333336,31885.0,18.73,127.92599868028162,36.95531834220436,0.4424607163085157,1.0,18468.0,2.51,0.9800000000000001,1.8931297709923667,1.080295138888889,0.970236643083679,0.6373626373626373,0.23862897985705,0.2595299978340914,0.43729694606887576,0.0645440762399826,7.533680154258388,80.87933399000431,16621062.24543626,8659.784639354491,0,0,0,0,0,0,0,0,0,0,0,0,0,0,1,0,6,0,0,0,0,0,1,0,0,0,0,0,0,0,0,0,1,0,0,0
C1040,638.0,41.41,319.0,24.0,0.0,3.0,548.0,16287500.0,155400.0,838.949,129.355804090659,35.6316630252773,0.3383134248873571,1.0,37059.0,2.58,1.05,2.219662058371736,1.1156270376005215,1.0683114306967518,0.6656394453004623,0.2288243071858388,0.2626622412909145,0.4501740467902533,0.0583394047329933,6.759940828143393,36.76955262170047,2549119.946177504,41507.16805565034,0,0,0,0,0,0,0,0,0,1,0,0,0,0,0,0,2,0,0,1,0,0,0,0,1,0,0,0,0,0,0,0,0,0,0,0
C1060,659.0,43.83857142857142,94.14285714285714,7.0,0.0,5.0,602.0,39463142.85714286,269154.28571428574,5282.353,126.98643867887778,37.39769338235208,0.010472852231711129,1.0,27028.0,2.6,0.9699999999999999,2.09710684617588,1.0393177737881507,0.9440605967552075,0.6930855424979504,0.1749543683094075,0.2801785802377781,0.4684648019337971,0.0764022495190173,9.227448958716284,74.47243018152997,11290657.412636511,77116.09081057443,0,1,0,0,0,0,0,0,0,0,0,0,0,0,0,0,7,0,0,1,0,0,0,0,1,0,0,0,0,1,0,0,0,0,0,0
C1064,977.0,41.308,195.4,20.0,0.0,7.0,741.0,12607800.0,104372.0,109.934,127.07360716238001,37.835654166810706,0.014209287175912657,1.0,27364.0,2.5,0.9800000000000001,1.742305371152686,1.0495818399044206,0.9993444772205834,0.6545566502463054,0.2051966086829411,0.2507674316620377,0.4458412512790527,0.0981947083759684,5.147452768117448,114.11748332310873,4777240.908725454,16212.674671379797,0,1,0,0,0,0,0,0,0,0,0,0,0,0,0,0,5,0,0,1,0,0,0,0,1,0,0,0,0,0,0,0,0,0,0,0
C1071,528.0,50.348,105.6,16.0,0.0,4.0,403.0,18975400.0,152036.0,505.148,128.74227204059298,35.81376758367312,0.020411526581491143,1.0,19933.0,2.36,0.97,2.286666666666666,1.0936789449749886,0.9274328859060402,0.6945288753799392,0.1961069583103396,0.2309737621030452,0.4610444990718908,0.1118747805147243,5.8465220430611575,83.14625668062273,4360737.185385059,43498.419281624476,0,0,0,1,0,0,0,0,0,0,0,0,0,0,0,0,5,0,0,1,0,0,0,0,1,0,0,0,0,0,0,0,0,0,0,0
C1072,754.0,48.436249999999994,94.25,14.0,0.0,2.0,683.0,38120250.0,265843.75,13.319999999999997,126.88343293074,37.429352567364,0.01297387314839443,1.0,41315.0,2.58,0.9800000000000002,1.90905057675244,1.029885468861847,0.9858884924649873,0.7088791848617176,0.2030860462301827,0.2745491952075518,0.4513251845576667,0.0710395740045988,4.256366450053714,53.62502081251678,7194364.535622904,38479.15685796663,0,1,0,0,0,0,0,0,0,0,0,0,0,0,0,0,8,0,0,1,0,0,0,0,1,0,0,0,0,1,0,0,0,0,0,0
C1083,427.0,50.952,85.4,0.0,1.0,6.0,384.0,29962000.0,182260.0,8170.876000000001,127.43121681212133,36.340467611592736,0.008665909003557619,1.0,14259.0,2.14,1.03,1.7655172413793103,1.216793893129771,1.0599185573007563,0.7635658914728682,0.1401220281927203,0.2036608457816116,0.4966687706010239,0.15954835542464402,7.033919248896735,32.76888768328886,10295394.747167299,49037.327109050304,0,0,0,0,0,0,1,0,0,0,0,0,0,0,0,0,5,0,0,1,0,0,0,0,1,0,0,0,0,0,0,0,0,0,0,0
C1105,1044.0,45.128,104.4,4.0,0.0,6.0,893.0,23974200.0,228550.0,3593.7932075369617,126.7990563548835,37.51578295453259,0.010516565345627836,1.0,83045.0,2.3000000000000003,1.0,1.7775030902348585,1.1284447870495278,1.0082284607938041,0.6455496348924414,0.13399963875007523,0.26598831958576674,0.4996086459148653,0.1004033957492925,8.05408495388796,77.42551976648986,7655951.799453517,57600.53722743295,0,1,0,0,0,0,0,0,0,0,0,0,0,0,0,0,10,0,0,1,0,0,0,0,1,0,0,0,0,0,0,0,0,0,0,0
C1128,1354.0,46.178888888888885,150.44444444444446,9.0,0.0,3.0,1216.0,34125000.0,245516.66666666666,3773.77,126.88730257419431,37.434648888220245,0.01502477277083902,1.0,41315.0,2.58,0.9800000000000002,1.90905057675244,1.029885468861847,0.9858884924649873,0.7088791848617176,0.2030860462301827,0.2745491952075518,0.4513251845576667,0.0710395740045988,5.259844209775716,148.00262760430226,9064546.417223534,46424.52773050039,0,1,0,0,0,0,0,0,0,0,0,0,0,0,0,0,9,0,0,1,0,0,0,0,1,0,0,0,0,1,0,0,0,0,0,0
C1135,244.0,43.19,30.5,6.0,0.0,3.0,211.0,26637625.0,206760.0,225.224,127.00086727378502,37.3913978134006,0.026210067806021524,1.0,37180.0,2.49,0.9699999999999999,2.067264573991032,1.0651446565636686,0.934438916528469,0.7293689320388348,0.17052178590640127,0.2822216245293168,0.4706024744486283,0.0766541151156535,5.18932420593334,23.027933348125583,7171678.841855252,47159.08032545649,0,1,0,0,0,0,0,0,0,0,0,0,0,0,0,0,8,0,0,1,0,0,0,0,1,0,0,0,0,0,0,0,0,0,0,0
C1147,1124.0,36.58,160.57142857142858,3.0,0.0,2.0,980.0,15444000.0,190058.57142857142,184.66000000000003,128.55474091937597,35.1526948308655,0.32738004120588043,1.0,14101.0,2.5100000000000002,0.9800000000000002,2.695859872611465,0.9742441209406498,1.0084828711256115,0.7479935794542536,0.2361534642933125,0.25005318771718305,0.436564782639529,0.07722856534997512,9.638047865966774,113.8359303893944,8203692.014371741,85318.58950009497,0,0,1,0,0,0,0,0,0,0,0,0,0,0,0,0,7,0,0,1,1,0,0,0,1,0,0,0,0,0,1,0,0,0,0,0
C1149,531.0,48.912,106.2,16.0,0.0,8.0,537.0,24155000.0,164990.0,6572.884,127.08165483132368,37.797723961351366,0.03263988155636577,1.0,50148.0,2.6,0.96,1.6998548621190133,0.9808976261127595,0.9613679003922906,0.7474856321839081,0.2313751296163356,0.21298955092924937,0.4586224774666986,0.0970128419877163,2.7550444642509864,84.04284621548702,2713965.272438098,19005.972745429262,0,1,0,0,0,0,0,0,0,0,0,0,0,0,0,0,5,0,0,1,0,0,0,0,1,0,0,0,0,0,0,0,0,0,0,0
C1152,1301.0,54.52666666666667,433.6666666666667,33.0,0.0,2.0,1101.0,30968666.666666668,185810.0,6963.333000000001,129.164339552614,35.332523511158904,0.08340108012950348,1.0,81775.0,2.6,0.98,2.2405651248306557,0.9417340117729224,0.9876457282060204,0.7562599049128368,0.2751819015591562,0.2379944970956894,0.41906450626719655,0.0677590950779578,4.636812842172231,75.00888836220233,4291444.550886488,32181.50400462974,0,0,0,0,0,0,0,1,0,0,0,0,0,0,0,0,3,0,0,1,0,0,0,0,1,0,0,0,0,0,0,0,0,0,0,0
C1158,262.0,54.580000000000005,87.33333333333333,13.0,0.0,2.0,202.0,19974333.333333332,120950.0,13.5,126.98705101566651,35.310938124635406,0.17496083759546951,1.0,15172.0,2.04,1.02,2.1017241379310345,1.188235294117647,1.117407639323732,0.6631382316313823,0.1575270234642763,0.2206696546269443,0.44575533878196677,0.1760479831268125,4.589934640057527,26.102362600602525,2162176.758115149,18948.635834803517,0,0,0,0,0,0,0,0,0,0,1,0,0,0,0,0,3,0,0,1,0,0,0,0,1,0,0,0,0,0,0,0,0,0,0,0
C1166,359.0,55.715,179.5,12.0,0.0,2.0,254.0,14964000.0,132015.0,8.843,127.4892442941159,36.96772480081925,0.2926695281353926,1.0,15692.0,2.01,1.2,1.866481223922114,1.4384724186704383,1.2702027214662597,0.6984126984126984,0.1638414478715268,0.2197297986235024,0.5209660973744583,0.0954626561305123,5.451793282948279,16.263455967290593,1463711.0370561534,14587.612895878476,0,0,0,0,0,0,0,0,0,0,0,0,0,0,1,0,2,0,0,1,0,0,0,0,1,0,0,0,0,0,0,0,0,0,0,0
C1189,307.0,44.6,38.375,7.0,0.0,3.0,309.0,18225750.0,140432.5,325.655,127.46160637089498,36.3099412093074,0.007706077491292118,1.0,24779.0,2.59,0.9699999999999999,1.862350722815839,1.0471662228984402,0.9542709232096636,0.7083641746854183,0.23261632834254814,0.21720004842810442,0.45704023568344165,0.0931433875459058,5.487979071180418,24.668878600953295,6329357.465696769,37907.32938929583,0,0,0,0,0,0,1,0,0,0,0,0,0,0,0,0,8,0,0,1,0,0,0,0,1,0,0,0,0,0,0,0,0,0,0,0
C1215,861.0,43.33166666666667,143.5,3.0,1.0,5.0,660.0,17955666.666666668,161453.33333333334,9.0,127.32401679880822,36.389663503051175,0.007161878510093127,1.0,25410.0,2.42,1.035,1.9511877643996087,1.144192439862543,0.994333461390703,0.6839650145772594,0.2276269185360094,0.3069460842188115,0.408598976780795,0.0568280204643841,5.124448913460513,57.16904756946717,2153895.138270818,19731.559154478055,0,0,0,0,0,0,1,0,0,0,0,0,0,0,0,0,6,0,0,1,0,0,0,0,1,0,0,0,0,0,0,0,0,0,0,0
C1216,320.0,46.95666666666667,106.66666666666667,7.0,0.0,1.0,259.0,22055000.0,134400.0,569.38,126.96694718467656,35.92987318175299,0.36669527860358375,2.0,22529.0,2.18,0.9700000000000001,1.868599033816425,1.1510439804531318,0.9862493215125746,0.6021917808219178,0.1680056815659816,0.2149229881486084,0.4872830573926938,0.129788272892716,8.700674303370594,56.58032638058333,7208795.461101667,26690.9029446364,0,0,0,0,0,0,0,0,0,0,0,1,0,0,0,0,3,0,0,1,0,0,0,0,1,0,0,0,0,0,0,0,0,0,0,0
C1225,203.0,54.583333333333336,67.66666666666667,8.0,0.0,3.0,159.0,19650000.0,178066.66666666666,4626.63,129.12174612272534,37.493988225934594,0.1525437282967703,1.0,3820.0,1.74,1.2,2.1235955056179776,1.8844765342960288,1.2116959064327486,0.7641723356009069,0.0921465968586387,0.2091623036649214,0.4950261780104712,0.2036649214659686,4.59570814274942,15.947831618540915,2126958.391694581,21263.81041425392,1,0,0,0,0,0,0,0,0,0,0,0,0,0,0,0,3,0,0,1,0,0,0,0,1,0,0,0,0,0,0,0,0,0,0,0
C1229,453.0,35.57125,56.25,23.0,0.0,2.0,317.0,28190875.0,112760.0,2434.7099999999996,127.297224543908,36.611439741743304,0.21994305834192104,1.0,43272.0,2.09,1.08,1.8442906574394462,1.2745544178991273,1.1013982164483098,0.7027027027027027,0.16812257348863002,0.2772231466075061,0.4410935477907191,0.11356073211314469,7.249217568616827,86.75210989612052,5241775.638014824,20966.766219765166,0,0,0,0,0,0,0,0,1,0,0,0,0,0,0,0,8,0,0,0,0,0,1,0,0,0,0,0,0,0,0,1,0,0,0,0
C1239,498.0,41.725,124.5,3.0,0.0,8.0,425.0,12736000.0,115335.0,6012.28,128.20734241923782,37.12115129267988,0.6009779562657945,1.0,15292.0,2.16,1.02,2.230428360413589,1.1044431621465671,1.0776463451622686,0.7103773584905658,0.1950039236201935,0.2384907140988752,0.4479466387653675,0.1185587235155637,5.975575286112626,81.0,3330156.3526857616,30524.508732055518,0,0,0,0,0,0,0,0,0,0,0,0,0,0,1,0,4,0,0,1,0,0,0,0,1,0,0,0,0,0,0,0,0,0,0,0
C1250,981.0,50.73333333333333,163.5,9.0,0.0,2.0,989.0,21647333.333333332,229185.0,4020.6259999999997,127.16666408531252,37.2824539614903,0.01932745727120844,2.0,28277.5,2.78,0.93,1.747795823665893,0.9079340141398272,0.9371509478486589,0.7288495575221239,0.2634603483334807,0.2147290248430731,0.43545221465829714,0.0863584121651489,7.906406684876934,111.23263909482684,3505576.395782392,52980.29209055005,0,1,0,0,0,0,0,0,0,0,0,0,0,0,0,0,6,0,0,1,0,0,0,0,1,0,0,0,0,0,0,0,0,0,0,0
C1253,860.0,43.071666666666665,143.33333333333334,9.0,2.0,6.0,771.0,21614166.666666668,147756.66666666666,10.44,128.69173244488198,35.863648289043,0.00623122829689293,1.0,43034.0,2.14,0.96,2.1954154727793695,1.091974223784417,0.9452028269919645,0.6312479311486263,0.1696565506343821,0.2489426964725566,0.46688664776688205,0.11451410512617931,8.234960635404803,133.99054693024678,7473801.45352194,50353.344145812865,0,0,0,0,0,1,0,0,0,0,0,0,0,0,0,0,6,0,0,1,0,0,0,0,1,0,0,0,0,0,0,0,0,0,0,0
C1266,596.0,35.022000000000006,118.2,35.0,0.0,1.0,593.0,14355200.0,199878.0,207.45,127.92713080341407,36.95516533902111,0.4433357247099189,1.0,18468.0,2.51,0.9800000000000001,1.8931297709923665,1.0802951388888888,0.970236643083679,0.6373626373626373,0.23862897985705,0.2595299978340914,0.43729694606887576,0.0645440762399826,8.22038137801404,104.58584990332106,6690380.011628637,52180.28047069122,0,0,0,0,0,0,0,0,0,0,0,0,0,0,1,0,5,0,0,1,0,0,0,0,0,0,0,0,0,1,0,0,0,0,0,0
C1267,675.0,29.220000000000002,60.90909090909091,38.0,0.0,1.0,467.0,14708909.090909092,115017.27272727272,2718.8181273347977,128.58372007382496,35.15839380423163,0.297891541537222,1.0,960.0,1.6200000000000008,1.1099999999999999,2.625,1.2233009708737865,1.1741071428571426,0.8426966292134831,0.08333333333333329,0.2385416666666666,0.5072916666666668,0.17083333333333336,9.834338818649682,41.94628599877359,7148765.284362684,53834.324754919915,0,0,1,0,0,0,0,0,0,0,0,0,0,0,0,0,11,0,0,1,1,0,1,0,0,1,0,0,0,1,0,0,0,1,0,0
C1282,745.0,43.85833333333333,124.16666666666667,25.0,0.0,3.0,705.0,22233500.0,167856.66666666666,2013.5920000000003,127.45141584523198,36.6139976308915,0.2606409267310124,1.0,43620.0,2.24,0.9699999999999999,1.8557772236076475,1.0750341064120057,0.9039439593129258,0.6982806433721577,0.1959880788629069,0.2789546079779917,0.4548601558917927,0.0701971572673085,9.185591797302267,97.2222539682488,8444397.758277377,53791.042624833615,0,0,0,0,0,0,0,0,0,0,0,0,0,0,1,0,6,0,0,1,0,0,0,0,1,0,0,0,0,0,0,0,0,0,0,0
C1289,482.0,34.944,96.4,15.0,0.0,2.0,423.0,14696200.0,156770.0,154.32,127.73763633522574,37.911318406330366,0.03401371668499085,1.0,23027.0,2.41,1.01,2.287593984962406,1.11727078891258,0.9914257228315055,0.6950973807924782,0.1979415468797498,0.2587397403048595,0.4337082555261215,0.1096104572892691,8.3618616348275,28.78888674471453,7869257.951039602,44262.24237428556,1,0,0,0,0,0,0,0,0,0,0,0,0,0,0,0,5,0,0,1,0,0,0,0,0,0,0,0,0,1,0,0,0,0,0,0
C1294,709.0,51.94333333333333,236.33333333333334,28.0,0.0,2.0,571.0,15762000.0,211960.0,13.36,127.923106361996,37.3360198836147,0.29933559937326043,1.0,32936.0,2.34,0.96,1.9203758654797232,1.0357739088957787,0.9005335365853658,0.6801007556675063,0.2258319164440126,0.2591692980325479,0.4542445955793053,0.060754189944134,0.05507570547286146,298.71446790092597,0.0,10793.164503517955,1,0,0,0,0,0,0,0,0,0,0,0,0,0,0,0,3,0,0,1,0,0,0,0,1,0,0,0,0,0,0,0,0,0,0,0
C1297,449.0,47.674,89.8,8.0,0.0,3.0,448.0,27747800.0,154202.0,1938.6300000000003,126.903137374056,35.1078083294746,0.030874932372371273,1.0,45638.0,2.43,0.89,1.5678475935828875,0.9643039265680777,0.858995893990295,0.7532517214996175,0.2098689688417546,0.2532100442613611,0.436500284850344,0.1004207020465401,10.82145230549024,83.24181641458817,10856956.534867402,61580.44714030583,0,0,0,0,1,0,0,0,0,0,0,0,0,0,0,0,5,0,0,1,0,0,0,0,1,0,0,0,0,0,0,0,0,0,0,0
C1311,383.0,39.802499999999995,47.875,2.0,0.0,2.0,265.0,17318500.0,265747.5,802.913,129.027354431691,35.1702509249717,0.01701755349713181,1.0,15025.33333333334,2.233333333333334,0.9299999999999999,1.759604190919674,1.0880453922911368,0.9208322541655873,0.6567887931034483,0.1332194515928653,0.2367557014819415,0.4935886059100186,0.1364362410151743,0.07066015244008927,42.70643143268102,33818.84512685606,358.51877814936086,0,0,0,0,0,0,0,1,0,0,0,0,0,0,0,0,8,1,0,0,0,0,0,0,1,0,0,0,0,0,0,0,0,0,0,0
C1318,312.0,43.07333333333333,104.0,1.0,0.0,11.0,226.0,15741333.333333334,225256.66666666666,6792.783,127.11927653212429,36.80540631979517,0.011868123783841536,1.0,23441.66666666667,2.3833333333333333,0.9499999999999998,1.7882793017456358,1.0584435558289758,0.9108464176141492,0.6011925640126273,0.1979381443298969,0.2854745822964806,0.45167436900106644,0.064912904372556,5.990929254575903,75.43871685016919,2189344.726929346,29121.33982723552,0,0,0,0,0,0,0,0,0,0,0,0,0,1,0,0,3,1,0,0,0,0,0,0,1,0,0,0,0,0,0,0,0,0,0,0
C1323,503.0,45.42285714285714,71.85714285714286,19.0,0.0,3.0,507.0,20897571.42857143,143332.85714285713,7067.683000000003,127.08407383616887,37.796215854154035,0.035463877991642016,1.0,50148.0,2.6,0.96,1.699854862119013,0.9808976261127595,0.9613679003922906,0.7474856321839081,0.23137512961633558,0.2129895509292494,0.45862247746669865,0.0970128419877163,5.334534388571991,80.24842380887941,4370790.350235788,29804.97369807357,0,1,0,0,0,0,0,0,0,0,0,0,0,0,0,0,7,0,0,1,0,0,0,0,1,0,0,0,0,0,0,0,0,0,0,0
C1332,1297.0,46.45374999999999,162.125,11.0,0.0,2.0,1112.0,41334500.0,292880.0,361.789,127.11820805019103,37.400896770668915,0.009306728777792957,2.0,19109.5,2.86,0.955,1.8565957446808508,0.9240582021128165,0.9454321815945432,0.7738172391445237,0.2205970852193935,0.25257071090295397,0.45521860854548774,0.0716135953321646,4.5438873775656,69.80060887986579,8676169.974624254,61330.11797990096,0,1,0,0,0,0,0,0,0,0,0,0,0,0,0,0,8,0,0,1,0,0,0,0,0,0,0,0,0,1,0,0,0,0,0,0
C1349,465.0,26.84714285714286,65.71428571428571,20.0,0.0,3.0,322.0,21275428.57142857,123571.42857142857,13.650000000000002,126.90565295996797,35.108362851224,0.0283862227114497,1.0,45638.0,2.43,0.8899999999999999,1.5678475935828877,0.9643039265680776,0.8589958939902951,0.7532517214996174,0.20986896884175457,0.2532100442613611,0.4365002848503439,0.10042070204654009,8.112263790676668,72.90796546723429,6778991.145619011,39622.62460958866,0,0,0,0,1,0,0,0,0,0,0,0,0,0,0,0,7,0,0,0,0,0,1,0,0,0,0,0,0,0,0,0,0,0,1,1
C1377,470.0,42.426,94.0,18.0,0.0,4.0,384.0,37771600.0,78404.0,5196.447,128.69551944416068,34.83780267962879,0.34248032485544344,1.0,8014.0,2.05,1.05,2.060810810810811,1.183553597650514,1.1082398829839102,0.6591276252019386,0.1467431994010481,0.1855502869977539,0.5395557773895683,0.1281507362116296,8.935464733297312,83.43860018001261,36472412.77047627,43613.85880657661,0,0,1,0,0,0,0,0,0,0,0,0,0,0,0,0,5,0,0,1,0,0,0,0,1,0,0,1,0,0,0,0,0,0,0,0
C1392,794.0,42.24,132.33333333333334,17.0,0.0,2.0,645.0,16226000.0,138311.66666666666,5451.773,128.68750484170948,36.57411251005983,0.5611456515791556,1.0,16142.0,2.2899999999999996,0.9399999999999998,1.9988193624557262,1.0679711637487126,0.9200310559006212,0.5376569037656904,0.2005327716515921,0.2487919712551108,0.4596084747862718,0.0910667823070251,5.209771588083301,79.72368949482122,4121098.0090262354,25284.4500961889,0,0,0,1,0,0,0,0,0,0,0,0,0,0,0,0,6,0,0,1,0,0,0,0,1,0,0,0,0,0,0,0,0,0,0,0
C1414,873.0,25.282857142857143,124.28571428571429,29.0,0.0,8.0,610.0,23605714.285714287,109571.42857142857,6095.510000000001,127.19384501783372,37.728375284390246,0.0790820088952061,1.0,92857.0,2.4899999999999998,1.0199999999999998,1.816252494104843,1.057097224995009,1.045551833240275,0.7253276792598304,0.20822339726676503,0.2219326491271525,0.4734484206898779,0.0963955329162045,8.835071616924814,137.90058530902408,7330354.37329569,34009.10242301387,0,1,0,0,0,0,0,0,0,0,0,0,0,0,0,0,7,0,0,0,0,0,1,0,0,0,0,0,0,0,0,1,0,0,0,0
C1416,948.0,47.09571428571429,135.42857142857142,6.0,0.0,1.0,831.0,26149571.42857143,224587.14285714287,356.491,127.15323807549296,37.292253768927004,0.0197332421711324,1.0,39189.0,2.6299999999999994,0.9399999999999997,1.7811550151975681,1.01142313184198,0.9059711007224821,0.7492795389048991,0.2026589093878384,0.21567276531679802,0.4577560029600143,0.1239123223353492,7.90943499276414,79.27769157179327,8945125.727775674,75827.44351800467,0,1,0,0,0,0,0,0,0,0,0,0,0,0,0,0,7,0,0,1,0,0,0,0,1,0,0,0,0,0,0,0,0,0,0,0
C1456,619.0,45.007777777777775,68.77777777777777,18.0,0.0,16.0,547.0,33965222.222222224,223624.44444444444,6035.78,129.10825680913698,35.1981747344362,0.007887259867330186,1.0,21096.5,2.305,0.9600000000000001,1.8609865470852012,1.1094306049822065,0.90451987656562,0.7828685258964142,0.15061740099068557,0.2247766217145024,0.49733368094233643,0.1272722963524755,7.919827614566141,41.1605933441738,10763920.124399124,46615.77927888557,0,0,0,0,0,0,0,1,0,0,0,0,0,0,0,0,9,0,0,1,0,0,0,0,1,0,0,0,0,0,0,0,0,0,0,0
C1457,736.0,45.04,245.33333333333334,30.0,0.0,2.0,704.0,28273000.0,301156.6666666667,3972.66,129.34224842005943,35.58231668068733,0.2872666199002434,1.0,20329.0,2.38,1.02,2.256438969764837,1.1435406698564594,1.00523138832998,0.6940789473684209,0.1913522553986915,0.2424123173791136,0.4902356239854395,0.0759998032367553,7.5219744748303965,168.88260222217485,11576273.148125004,64105.507823691194,0,0,0,0,0,0,0,0,0,1,0,0,0,0,0,0,3,0,0,1,0,0,0,0,1,0,0,0,0,0,0,0,0,0,0,0
C1472,548.0,44.35,109.6,2.0,0.0,1.0,442.0,12982200.0,118584.0,6066.181,127.09107894975573,36.21180334013323,0.10972865009578817,2.0,16173.0,2.22,0.9399999999999998,1.7274774774774777,1.1099744245524297,0.9568508705526118,0.6053846153846154,0.1874111172942558,0.2040437766648117,0.4795028751623075,0.1290422308786248,6.186497393517596,73.85661784836887,3908614.9337073355,23768.434529854927,0,0,0,0,0,0,0,0,0,0,0,0,0,1,0,0,5,0,0,1,0,0,0,0,1,0,0,0,0,0,0,0,0,0,0,0
C1474,190.0,36.9475,47.5,2.0,0.0,4.0,142.0,12166000.0,184670.0,3373.52,128.399862541572,35.2778940648239,0.4652428614085441,1.0,18317.0,2.18,1.01,1.8722222222222225,1.2038027332144978,1.0535714285714286,0.5823190262652146,0.172954086367855,0.202489490637113,0.4897090134847409,0.1348474095102909,8.169110008644353,33.481338085566414,6460197.313808096,47968.623078007986,0,0,1,0,0,0,0,0,0,0,0,0,0,0,0,0,4,0,0,1,0,0,0,0,0,0,0,0,0,1,0,0,0,0,0,0
C1494,728.0,81.60000000000001,242.66666666666666,10.0,0.0,5.0,803.0,38256000.0,513730.0,164.35,127.976366653298,37.321039401213,0.34992669096881435,1.0,44533.0,2.4,0.9499999999999998,1.888243335611757,0.9050765995794533,0.9862651875330165,0.6813643926788685,0.2476365841061684,0.2848224911863112,0.42215884849437496,0.0453820762131453,5.759088469540982,293.95464502765276,5679394.598018348,37862.63065345566,1,0,0,0,0,0,0,0,0,0,0,0,0,0,0,0,3,0,0,0,0,0,0,0,1,0,0,0,0,0,0,0,0,0,0,0
C1495,1175.0,40.586,235.0,14.0,0.0,4.0,1024.0,13265400.0,124214.0,9.0,127.74176306717149,37.84842473072269,0.023796411050641515,1.0,49745.0,2.5,0.93,1.8557794273594908,1.017782761935277,0.8943491000418586,0.6424496006085965,0.20512614333098797,0.2531912755050758,0.4548798874258718,0.0868026937380641,5.421128111380505,198.4754392865777,1969610.3167885772,29451.10490287249,1,0,0,0,0,0,0,0,0,0,0,0,0,0,0,0,5,0,0,1,0,0,0,0,1,0,0,0,0,0,0,0,0,0,0,0
C1496,565.0,81.80666666666667,188.33333333333334,11.0,0.0,3.0,582.0,33066666.666666668,466666.6666666667,433.39000000000004,128.208424867225,37.1242676643862,0.6011909608622407,1.0,10247.0,2.07,1.01,2.0868544600938965,1.1314229249011858,1.0278818143986683,0.700221238938053,0.16395042451449202,0.2105006343319996,0.4755538206304284,0.1499951205230799,5.116730727069116,139.5002986854628,4387862.045841156,23094.010767585027,0,0,0,0,0,0,0,0,0,0,0,0,0,0,1,0,3,0,0,0,0,0,0,0,1,0,0,0,0,0,0,0,0,0,0,0
C1521,1414.0,42.41888888888889,157.11111111111111,20.0,0.0,4.0,1307.0,17756111.111111112,120148.88888888889,4444.121102381319,126.93737715073995,35.95378397654799,0.369100271732012,2.0,38365.0,2.4499999999999997,0.9399999999999997,1.8104783599088843,1.0049205994184751,0.9353839344987828,0.6755297050270047,0.20529128111560008,0.2336504626612798,0.4559364003649159,0.10512185585820401,8.196992504029216,105.97221858162219,6791586.880921948,24030.625483143613,0,0,0,0,0,0,0,0,0,0,0,1,0,0,0,0,9,0,0,1,0,0,0,0,1,0,0,0,0,0,0,0,0,0,0,0
C1525,1331.0,44.896470588235296,78.29411764705883,17.0,1.0,6.0,1204.0,34906411.76470588,290009.4117647059,20.25,127.11669077161426,37.645357266073304,0.01079187175917812,1.0,76076.0,2.45,0.9499999999999997,2.190275435637999,0.9535351687551452,0.9489595375722542,0.763447828904731,0.20451916504548076,0.28074557021925445,0.44320153530679823,0.07153372942846617,9.509417004459626,46.17055975657317,13064568.975184487,76808.05999947111,0,1,0,0,0,0,0,0,0,0,0,0,0,0,0,0,17,0,0,1,0,0,0,0,1,0,0,0,0,1,0,0,0,0,0,0
C1563,1974.0,46.20545454545454,179.45454545454547,15.0,0.0,6.0,1696.0,42692181.81818182,293214.54545454547,14.159000000000002,127.11446083267,37.3905963746285,0.005303685723598051,2.0,21629.666666666664,2.893333333333334,0.9533333333333333,1.9650721336370542,0.9110286193270268,0.9362438005742628,0.7841282894736842,0.22993111313165568,0.24594307201528756,0.4572577786681871,0.06686803618486949,4.65579287261872,173.51850831329992,8381258.352039767,56582.165982513674,0,1,0,0,0,0,0,0,0,0,0,0,0,0,0,0,11,0,0,1,0,0,0,0,1,0,0,0,0,1,0,0,0,0,0,0
C1564,354.0,44.80714285714286,50.57142857142857,2.0,0.0,4.0,286.0,14017285.714285715,103967.14285714286,3399.580000000001,128.727190051336,35.64851022782779,0.18554045833024763,1.0,7185.0,2.1200000000000006,0.96,1.7363636363636363,1.1451327433628318,1.0325203252032524,0.6258992805755396,0.15546276965901182,0.1686847599164927,0.4871259568545581,0.18872651356993733,8.099139284075635,22.962702678163,4283486.185896005,29306.850003759482,0,0,0,1,0,0,0,0,0,0,0,0,0,0,0,0,7,0,0,1,0,0,0,0,1,0,0,0,0,0,0,0,0,0,0,0
C1570,1278.0,41.6025,319.5,36.0,0.0,1.0,1014.0,12526000.0,169885.0,4966.23,127.545531411491,36.9157377219031,0.3490486275384442,1.0,12978.0,2.2,1.13,2.579847908745247,1.1353864032539223,1.247987117552335,0.7288135593220338,0.2001078748651564,0.2831715210355987,0.4302666050238866,0.0864539990753582,5.603614161116616,148.04841550429822,5401689.118538138,33526.73013184158,0,0,0,0,0,0,0,0,0,0,0,0,0,0,1,0,4,0,0,1,0,0,0,0,1,0,0,0,0,0,0,0,0,0,0,0
C1593,332.0,44.190000000000005,83.0,1.0,0.0,5.0,236.0,12004500.0,110157.5,9483.186,128.226586405908,37.1525339567886,0.6120926252852261,1.0,18673.0,2.41,0.97,1.719360568383659,1.0808933002481391,0.9662676822633296,0.6402805611222445,0.2039308091897392,0.2245488137953194,0.4838536924971884,0.0876666845177529,5.039999999999999,100.00999950005,3889000.0,13804.999999999998,0,0,0,0,0,0,0,0,0,0,0,0,0,0,1,0,4,0,0,1,0,0,0,0,1,0,0,0,1,0,0,0,0,0,0,0
C1602,408.0,43.67666666666667,68.0,0.0,0.0,4.0,319.0,14137500.0,103123.33333333333,3671.41,128.70828504469299,36.350116633684,0.4188895803654454,1.0,13113.0,1.95,0.96,1.9604989604989604,1.1697560975609755,1.014186633039092,0.6378378378378379,0.1352093342484557,0.16960268435903303,0.48722641653321125,0.20796156485929987,9.047107088272282,81.94632389558423,5764691.656975245,35118.11764127837,0,0,0,1,0,0,0,0,0,0,0,0,0,0,0,0,6,0,0,1,0,0,0,0,1,0,0,0,0,0,0,0,0,0,0,0
C1603,602.0,46.4675,150.5,0.0,0.0,10.0,491.0,17961750.0,131602.5,2730.76,126.56069879892405,33.263077717235056,1.8733331496041896,1.0,13624.5,2.25,1.04,1.7480503899220157,1.0647382920110189,0.9817130353235386,0.6874265569917744,0.2092553855187346,0.2200447722852214,0.4653014789533561,0.1053983632426878,5.088080024265863,123.31396244275558,3611417.2079669777,31881.38681111598,0,0,0,0,0,0,0,0,0,0,0,0,1,0,0,0,4,0,0,1,0,0,0,0,1,0,0,0,0,0,0,0,0,0,0,0
C1604,534.0,51.72,267.0,13.0,0.0,2.0,400.0,16088000.0,209890.0,2581.204675753705,129.35319525878472,35.5531237476348,0.2642617445907354,1.0,29646.0,2.29,1.16,2.4823874755381605,1.3634538152610445,1.1021270176497209,0.7327790973871734,0.1631248735073871,0.3176145179788167,0.4700465492815219,0.0492140592322741,0.325269119345815,131.52186130069785,101823.37649086284,1442.497833620557,0,0,0,0,0,0,0,0,0,1,0,0,0,0,0,0,2,0,0,1,0,0,0,0,1,0,0,0,0,0,0,0,0,0,0,0
C1617,1008.0,51.2025,252.0,15.0,1.0,4.0,1035.0,17298750.0,228560.0,1222.296,129.03115970957398,35.3382057111654,0.004746616774833175,1.0,22396.0,2.17,1.04,1.7787215020116227,1.1512295081967212,0.9478138222849084,0.7063670411985019,0.1706108233613145,0.2343722093230934,0.4933023754241828,0.1017145918914091,6.383741718877209,108.27126427019621,2144378.75619024,28676.824556890304,0,0,1,0,0,0,0,0,0,0,0,0,0,0,0,0,4,0,0,1,0,0,0,0,1,0,0,0,0,0,0,0,0,0,0,0
C1621,593.0,46.26714285714286,84.71428571428571,2.0,0.0,3.0,516.0,35741142.85714286,255734.2857142857,3739.16,126.88623003603199,37.4534736516727,0.007864207107264638,1.0,41315.0,2.5800000000000005,0.9800000000000002,1.90905057675244,1.029885468861847,0.9858884924649873,0.7088791848617176,0.2030860462301827,0.2745491952075518,0.4513251845576667,0.0710395740045988,5.046231974736904,71.68382961708609,8911533.69569592,45512.9347391643,0,1,0,0,0,0,0,0,0,0,0,0,0,0,0,0,7,0,0,1,0,0,0,0,1,0,0,0,0,0,0,0,0,0,0,0
C1623,296.0,47.37,49.333333333333336,10.0,0.0,1.0,239.0,15802500.0,131775.0,6876.44,128.56882756891505,36.23187206502707,0.2736268740971992,1.0,8098.0,1.9399999999999997,1.07,2.25,1.3484573502722323,1.1440588853838063,0.6990384615384615,0.1184243022968634,0.15979254136823903,0.5035811311434922,0.2182020251914052,4.5250016574582625,28.2465337106461,2808627.3337700036,23353.945062879633,0,0,0,1,0,0,0,0,0,0,0,0,0,0,0,0,6,0,0,1,0,0,0,0,1,0,0,0,0,0,0,0,0,0,0,0
C1629,225.0,51.22666666666667,75.0,2.0,0.0,2.0,159.0,25877666.666666668,86520.0,5455.415,129.04195194865352,37.22156666513864,0.13160878001064116,1.0,9666.0,1.67,0.98,1.1822429906542056,1.0935114503816794,1.1594064145524174,0.6178509532062392,0.11318021932547069,0.2269811711152493,0.4666873577488102,0.1931512518104697,7.4940064940813444,41.58124577258358,6146470.965792756,3758.550252424464,1,0,0,0,0,0,0,0,0,0,0,0,0,0,0,0,3,0,0,1,0,0,0,0,1,0,0,0,0,0,0,0,0,0,0,0
C1633,178.0,33.61666666666667,59.333333333333336,22.0,0.0,4.0,168.0,16763333.333333334,183520.0,4416.39,128.752499973351,35.8825583878824,0.021898378621711703,1.0,19971.0,2.39,0.96,2.2778568041725937,0.9856822494393652,0.9588083854358219,0.7064004697592484,0.23902158129287457,0.2881928796755295,0.4000300435631665,0.0727554954684292,11.529684875716827,41.295681775862874,11186161.465549,63635.54667008055,0,0,0,0,0,1,0,0,0,0,0,0,0,0,0,0,3,0,0,1,0,0,0,0,1,0,0,0,0,0,0,0,0,0,0,0
C1637,525.0,47.35666666666666,87.5,17.0,0.0,3.0,461.0,19097166.666666668,140380.0,3977.296,127.06350608662201,37.8981733486784,0.007948527839549845,1.0,12729.75,2.0375,1.0075,1.7293859649122807,1.1129152668906308,1.0458498691209996,0.6422255768816045,0.15228107386240894,0.2223335100846442,0.47583416799230155,0.14955124806064532,7.383106843779701,34.46012188022556,4575087.951795754,39693.34956891393,0,1,0,0,0,0,0,0,0,0,0,0,0,0,0,0,6,0,0,1,0,0,0,0,1,0,0,0,0,0,0,0,0,0,0,0
C1640,533.0,50.54750000000001,133.25,17.0,0.0,1.0,470.0,51800000.0,94467.5,4541.27,126.87892896747,35.7978839672979,0.4743067520439794,1.0,6494.0,2.03,1.0,1.9556451612903225,1.1297297297297295,1.18106686701728,0.6248624862486248,0.1435170927009547,0.1820141669233138,0.4470280258700339,0.2274407145056975,8.236440877790196,43.261799931733464,33372763.775270395,66584.49087437705,0,0,0,0,0,0,0,0,0,0,0,1,0,0,0,0,4,0,0,1,0,0,0,0,1,0,0,1,0,0,0,0,0,0,0,0
C1683,328.0,26.5325,40.75,14.0,0.0,11.0,250.0,17654000.0,76645.0,177.88,126.91420842785853,37.014517348725384,0.1449074645293231,1.0,27083.0,2.44,1.12,2.35312697409981,1.1309241706161135,1.2358879274824888,0.7376093294460642,0.2676217553446812,0.265627884650888,0.40073108592105744,0.06601927408337328,6.590613996976522,26.590814740647353,4230369.656255991,18370.312230024057,0,1,0,0,0,0,0,0,0,0,0,0,0,0,0,0,8,0,0,0,0,0,1,0,0,0,0,0,0,0,0,1,0,0,0,0
C1692,1390.0,38.92,278.0,36.0,0.0,2.0,1216.0,13999200.0,199564.0,24779.12,128.449987333736,35.690525657441704,0.11513397623419239,1.0,23186.0,1.9600000000000002,1.11,2.5906288532675705,1.3629209946490402,1.0923314235345971,0.5987795575896262,0.1763132925040973,0.3237729664452687,0.40951436211506936,0.0903993789355645,10.158629336677267,200.88802851339847,8021306.047022517,76145.48857286293,0,0,0,0,0,1,0,0,0,0,0,0,0,0,0,0,5,0,0,1,0,0,0,0,1,0,0,0,0,0,0,0,0,0,0,0
C1708,327.0,45.626666666666665,36.333333333333336,2.0,0.0,7.0,274.0,13955222.222222222,113673.33333333333,213.22,126.252544979428,33.227313487525805,1.9665993199006953,1.0,21959.0,2.09,0.9500000000000001,1.8437001594896327,0.963477366255144,1.0017214996174444,0.6359979889391654,0.2014208297281297,0.1738239446240721,0.47656997131016887,0.1481852543376292,4.957285043246958,24.58149710656371,2749172.365357335,23704.191612455383,0,0,0,0,0,0,0,0,0,0,0,0,1,0,0,0,9,0,0,1,0,0,0,0,1,0,0,0,0,0,0,0,0,0,0,0
C1712,737.0,44.5,122.83333333333333,23.0,0.0,2.0,632.0,17719500.0,202435.0,6091.89,128.15474915913674,36.424261242603286,0.6173964919745675,1.0,9003.0,2.1200000000000006,1.0,2.1026315789473684,1.1572052401746724,1.0223255813953491,0.6512968299711815,0.17027657447517489,0.2194823947573031,0.48295012773519924,0.1272909030323225,10.332900851164693,62.961628526163985,8788817.480184693,73308.67772644655,0,0,0,1,0,0,0,0,0,0,0,0,0,0,0,0,6,0,0,1,0,0,0,0,1,0,0,0,0,0,0,0,0,0,0,0
C1721,663.0,47.336666666666666,110.5,20.0,0.0,3.0,573.0,38530500.0,263335.0,6214.0109999999995,127.0710310465311,37.23838267472343,0.013124284006585886,1.0,26202.0,2.23,1.0600000000000003,2.2012578616352205,1.2195344591510724,1.0,0.6819444444444445,0.2142202885275933,0.3711930386993359,0.3683688268071139,0.04621784596595669,4.578456799694266,48.25246107713056,7643074.296381005,52017.679590693006,0,1,0,0,0,0,0,0,0,0,0,0,0,0,0,0,6,0,0,1,0,0,0,0,1,0,0,0,0,0,0,0,0,0,0,0
C1729,627.0,38.574400000000004,25.08,0.0,0.0,5.0,131.0,7770667.38442297,566858.0882571233,2093.82,127.73892626617594,37.86472422411552,0.015122210256151108,1.0,13995.25,1.9750000000000008,1.0249999999999995,1.6691367173027054,1.1758381666430895,0.996572339577521,0.6630380999505193,0.15774995087619012,0.27475393437059004,0.4474196602418678,0.12007645451135204,43.00678832851081,50.33795784495036,12210361.190138234,2216336.5990151386,1,0,0,0,0,0,0,0,0,0,0,0,0,0,0,17,8,0,0,0,1,1,0,0,0,1,1,0,0,0,0,0,0,0,0,0
C1741,388.0,51.89000000000001,129.33333333333334,0.0,0.0,4.0,392.0,25293000.0,255690.0,2815.812,127.12431211254896,37.3274532618266,0.017086233305652745,2.0,37534.0,2.55,0.955,1.786275911365261,0.9660249150622876,0.9344592592592592,0.7544401544401543,0.19683486971812222,0.2775083923908989,0.4348590611179198,0.0907976767730591,0.05196152422706829,123.97311536511992,0.0,0.0,0,1,0,0,0,0,0,0,0,0,0,0,0,0,0,0,3,0,0,1,0,0,0,0,1,0,0,0,0,0,0,0,0,0,0,0
C1749,848.0,29.209999999999997,93.33333333333333,34.0,0.0,8.0,675.0,26770777.777777776,137971.11111111112,323.0,127.12328621281128,37.004969815002106,0.040487999818917327,1.0,88566.0,2.41,1.03,2.3134809718340144,1.0660275355006128,1.0360902255639095,0.6868504292815184,0.2367387033398821,0.3236230607682406,0.39748887835060864,0.04214935754126859,7.279658302420518,81.21884017886491,9708854.409478208,32023.782742067044,0,1,0,0,0,0,0,0,0,0,0,0,0,0,0,0,9,0,0,0,0,0,1,0,0,0,0,0,0,0,0,1,0,0,0,0
C1772,496.0,48.74333333333333,165.33333333333334,25.0,0.0,3.0,593.0,21430666.666666668,216383.33333333334,6026.052,127.91676633900398,37.33837574451285,0.2935349543997442,1.0,32936.0,2.34,0.96,1.9203758654797232,1.0357739088957787,0.9005335365853658,0.6801007556675063,0.2258319164440126,0.2591692980325479,0.4542445955793053,0.060754189944134,2.771034704462096,146.2919455518086,5235221.135093849,6415.803405134331,1,0,0,0,0,0,0,0,0,0,0,0,0,0,0,0,3,0,0,1,0,0,0,0,1,0,0,0,0,0,0,0,0,0,0,0
C1782,503.0,51.508,100.6,6.0,0.0,2.0,358.0,20972600.0,146056.0,459.04799999999994,129.14756173004,37.4367845038938,0.11030742160048893,1.0,7989.0,2.12,0.97,1.7887323943661972,1.1823617339312409,1.0025536261491317,0.6777367773677737,0.1557141068969833,0.1827512830141444,0.49079984979346597,0.1707347602954061,5.31304714829447,57.07714078332936,2558761.477746607,38381.66267894084,1,0,0,0,0,0,0,0,0,0,0,0,0,0,0,0,5,0,0,1,0,0,0,0,1,0,0,0,0,0,0,0,0,0,0,0
C1794,1349.0,43.81,224.83333333333334,25.0,0.0,2.0,1098.0,20758000.0,138505.0,5712.5740000000005,126.723198204263,35.9628539871857,0.5388339922910353,2.0,55531.0,2.64,1.0,1.9651567944250872,1.0114810562571757,1.0053619302949064,0.6783004552352049,0.25681151068772395,0.2523995606057878,0.4310385190254092,0.05975040968107901,10.058005766552334,219.80665746666244,7825838.664322183,30975.504354247405,0,0,0,0,0,0,0,0,0,0,0,1,0,0,0,0,6,0,0,1,0,0,0,0,1,0,0,0,0,0,0,0,0,0,0,0
C1812,1021.0,42.574074074074076,37.370370370370374,22.0,0.0,4.0,185.0,7012905.169825487,952232.4151298034,24.0,129.41896670763484,35.49444850840891,0.25201616376238944,1.0,15705.0,2.3350000000000004,1.0799999999999994,2.1965517241379313,1.1661083193746509,1.0760098253275105,0.8035714285714283,0.19468322190385223,0.24702324100604908,0.48433619866284644,0.07395733842725244,61.14065733141393,148.64313178475697,17332246.122177944,3203174.975567622,0,0,0,0,0,0,0,0,0,1,0,0,0,0,0,25,2,0,0,0,1,1,0,0,0,1,1,0,0,0,0,0,0,0,0,0
C1826,284.0,48.79,94.66666666666667,20.0,0.0,3.0,213.0,14261333.333333334,116710.0,194.88,127.51050342718388,36.91224581927217,0.3487310060125483,1.0,29314.0,2.26,1.12,2.4840390879478833,1.2021377672209026,1.1766203250440572,0.6920415224913494,0.2544859111687248,0.3162652657433308,0.3792044756771509,0.05004434741079341,10.27619092854935,24.110855093366833,5098433.713733398,44469.678433737296,0,0,0,0,0,0,0,0,0,0,0,0,0,0,1,0,3,0,0,1,0,0,0,0,1,0,0,0,0,0,0,0,0,0,0,0
C1827,511.0,47.736000000000004,102.2,20.0,0.0,1.0,379.0,15200200.0,111958.0,9.0,127.44667802765369,36.85122864334879,0.29811891698426096,1.0,30130.0,2.11,1.06,1.755253399258344,1.2581163612986177,1.0757642240748866,0.670388349514563,0.1816130102887487,0.2331563226020577,0.4710255559243278,0.1142051111848655,7.284180118585755,60.309203277775104,3953630.698484622,34990.58259017703,0,0,0,0,0,0,0,0,0,0,0,0,0,0,1,0,5,0,0,1,0,0,0,0,1,0,0,0,0,0,0,0,0,0,0,0
C1830,891.0,46.74666666666666,99.0,17.0,1.0,7.0,805.0,33970222.222222224,230124.44444444444,6162.891,126.94347458516596,37.32389372329911,0.005734211513360858,1.0,53205.0,2.65,0.9800000000000002,1.853890587835542,1.0524322749781534,0.9504308640999286,0.7515923566878983,0.19907903392538293,0.2648623249694578,0.463697020956677,0.0723616201484822,7.077903997653542,90.99587902756916,11151861.859996492,55335.26545321508,0,1,0,0,0,0,0,0,0,0,0,0,0,0,0,0,9,0,0,1,0,0,0,0,1,0,0,0,0,0,0,0,0,0,0,0
C1835,1060.0,40.82285714285714,151.42857142857142,37.0,0.0,18.0,925.0,68837428.57142857,140318.57142857142,7174.04,127.094508620302,37.0033706666675,0.015441277142043255,1.0,71307.5,2.485,1.01,2.2299683711122817,1.0562432849068062,1.0045554185504864,0.6913348946135832,0.23034042702380525,0.3086491603267539,0.41037057812993016,0.05063983451951049,9.471305285414669,80.86585011168629,64691928.05870281,68253.22249500299,0,1,0,0,0,0,0,0,0,0,0,0,0,0,0,0,7,0,0,1,0,0,0,0,1,0,0,1,0,0,0,0,0,0,0,0
C1840,593.0,44.4925,148.25,7.0,0.0,3.0,543.0,18924250.0,123150.0,6006.87,126.93300744090014,35.95009464084069,0.3748033822829201,2.0,7783.0,2.0,0.98,1.8223684210526316,1.1859375,1.049409237379162,0.6716417910447762,0.1428754978799948,0.1797507387896698,0.4902993704227161,0.1870743929076191,6.043577169193754,81.96086464486166,5407500.0,18024.444512938535,0,0,0,0,0,0,0,0,0,0,0,1,0,0,0,0,4,0,0,1,0,0,0,0,1,0,0,0,0,0,0,0,0,0,0,0
C1841,100.0,26.886000000000003,20.0,14.0,0.0,4.0,53.0,25696000.0,132760.0,18.18,126.84680327052601,35.2171967464539,0.06942896538681123,1.0,26059.33333333333,2.4033333333333338,1.0366666666666668,1.7463414634146344,1.1091453217146376,0.9888128912589844,0.60450563204005,0.2054158458901481,0.3065056665558085,0.43888306173092173,0.0491954258231216,7.043722737303052,12.884098726725126,6223902.955541643,32157.251126301202,0,0,0,0,1,0,0,0,0,0,0,0,0,0,0,0,5,0,0,0,0,0,1,0,0,0,0,0,0,0,0,1,0,0,0,0
C1844,620.0,40.656666666666666,206.66666666666666,0.0,0.0,4.0,498.0,15932333.333333334,131930.0,1840.595,126.47390170658457,33.488368020824424,1.6628601201724866,1.0,55385.0,2.4,0.96,1.8886002886002888,1.0225266763272296,0.9012326415977533,0.6718913270637409,0.2250067707863139,0.2772050194095874,0.4400108332581023,0.057777376545996205,4.976246912416356,75.56674753708363,1910041.9716156325,18291.645634004613,0,0,0,0,0,0,0,0,0,0,0,0,1,0,0,0,3,0,0,1,0,0,0,0,1,0,0,0,0,0,0,0,0,0,0,0
C1849,1054.0,32.052,210.8,6.0,0.0,3.0,824.0,12107600.0,140640.0,23.52,128.86757055833291,37.75454847100386,0.4628564818685345,1.0,15481.0,2.17,0.95,1.9118028534370946,1.0449808008776742,0.9463945578231293,0.6725838264299803,0.1875847813448743,0.2408113170983786,0.462050255151476,0.1095536464052709,9.70607387155074,153.03332970304214,6793556.380865621,73092.70141402629,1,0,0,0,0,0,0,0,0,0,0,0,0,0,0,0,5,0,0,1,1,0,0,0,0,0,0,0,0,1,1,0,0,0,0,0
C1852,898.0,47.022222222222226,99.77777777777777,6.0,0.0,50.0,785.0,37286888.88888889,262017.77777777778,232.67400000000004,126.88477419416697,37.450625040226186,0.010443393457677672,1.0,41315.0,2.58,0.9800000000000002,1.90905057675244,1.029885468861847,0.9858884924649873,0.7088791848617176,0.2030860462301827,0.2745491952075518,0.4513251845576667,0.0710395740045988,6.787418098544133,77.72190453433603,12609567.671459284,59930.99339610887,0,1,0,0,0,0,0,0,0,0,0,0,0,0,0,0,9,0,0,1,0,0,0,0,1,0,0,0,0,1,0,0,0,0,0,0
C1855,419.0,44.23,104.75,16.0,0.0,3.0,333.0,13522500.0,125735.0,6398.12,127.49459851011196,37.01940804782448,0.24102225006904685,1.0,6874.0,1.78,1.25,1.8677248677248681,1.6238532110091743,1.3951462352209083,0.7113259668508287,0.0933954029677043,0.1664242071574047,0.5599359906895548,0.18024439918533605,8.833493080316531,92.76269005729979,4378047.091264932,48075.95691542013,0,0,0,0,0,0,0,0,0,0,0,0,0,0,1,0,4,0,0,1,0,0,0,0,1,0,0,0,0,0,0,0,0,0,0,0
C1887,801.0,45.71083333333333,66.75,21.0,1.0,4.0,611.0,24989416.666666668,128830.0,6297.478000000002,128.45570240569197,35.86675879445489,0.0033105203667309117,1.0,50426.0,2.6499999999999995,0.9800000000000003,2.1017126878713737,1.0392734413352969,0.9367592279038265,0.7907348242811504,0.23249910760322048,0.24713441478602297,0.45367469162733526,0.0666917859834212,9.150704352754223,43.212214182398185,5255082.759634339,46511.90443902996,0,0,0,0,0,1,0,0,0,0,0,0,0,0,0,0,12,0,0,1,0,0,0,0,1,0,0,0,0,0,0,0,0,0,0,0
C1902,980.0,44.665,122.5,21.0,0.0,5.0,841.0,34514875.0,235948.75,5951.438999999999,127.06929783005799,37.235999533691704,0.01563684050099881,1.0,26202.0,2.23,1.0600000000000003,2.2012578616352205,1.2195344591510724,1.0,0.6819444444444445,0.21422028852759328,0.37119303869933595,0.3683688268071139,0.04621784596595669,6.280566398479861,78.06773615631126,9849501.676118298,67113.28960102782,0,1,0,0,0,0,0,0,0,0,0,0,0,0,0,0,8,0,0,1,0,0,0,0,1,0,0,0,0,0,0,0,0,0,0,0
C2028,1267.0,56.510000000000005,253.4,26.0,0.0,12.0,1280.0,28713600.0,172280.0,9058.122,128.81950858529734,35.16798205435755,0.08072289330628546,1.0,72820.0,2.77,0.9800000000000001,2.045125348189415,0.9699232081911264,0.9918337538175541,0.6783042394014963,0.2974045591870365,0.2536391101345784,0.41198846470749795,0.0369678659708871,4.185516694507383,279.14924323737654,3418336.4813897423,20512.209778568467,0,0,1,0,0,0,0,0,0,0,0,0,0,0,0,0,5,0,0,1,0,0,0,0,1,0,0,0,0,0,0,0,0,0,0,0
C2033,1400.0,41.7192,56.0,12.0,0.0,7.0,308.0,9169991.162109956,1115856.9241590314,1199.25,129.32697584234495,35.533383366347124,0.23606091186482017,1.0,38016.5,2.055,1.0500000000000005,2.0,1.2249455853127669,0.9899055682188209,0.8008726695755649,0.14883011324030357,0.30922099614640985,0.48223797561585086,0.0597109149974353,75.60077143124929,155.1778549493022,14160059.381306997,4744040.140874935,0,0,0,0,0,0,0,0,0,1,0,0,0,0,0,22,3,0,0,0,1,1,0,0,0,1,1,0,0,0,0,0,0,0,0,0
C2039,976.0,43.071666666666665,162.66666666666666,7.0,1.0,6.0,884.0,20748333.333333332,142655.0,10.44,128.703406324624,35.861587321818,0.01109755534166003,1.0,43034.0,2.14,0.96,2.1954154727793695,1.091974223784417,0.9452028269919645,0.6312479311486263,0.1696565506343821,0.2489426964725566,0.46688664776688205,0.11451410512617931,8.234960635404803,142.58704943530697,7131281.137822759,49051.03209923314,0,0,0,0,0,1,0,0,0,0,0,0,0,0,0,0,6,0,0,1,0,0,0,0,1,0,0,0,0,0,0,0,0,0,0,0
C2043,469.0,26.875714285714285,65.71428571428571,23.0,0.0,4.0,330.0,27471428.57142857,123845.71428571429,200.25,128.709883562025,35.154519160456694,0.17977744207581314,1.0,11168.0,2.1833333333333336,1.05,1.7981703830760432,1.284430269643375,1.0104886475814412,0.7304483837330552,0.1794711079274116,0.23516595033428841,0.4863001432664756,0.0990627984718242,8.134744120423326,80.46265031204288,7887440.287299441,35560.95698803341,0,0,1,0,0,0,0,0,0,0,0,0,0,0,0,0,7,0,0,0,0,0,1,0,0,0,0,0,0,0,0,1,0,0,0,0
C2072,353.0,41.515,88.25,6.0,0.0,1.0,280.0,12695500.0,92892.5,7014.963000000001,127.8964713685388,34.832923242025124,1.0006804521146753,1.0,13170.0,2.1,0.96,1.7572078907435509,1.2493617021276595,0.9594508301404852,0.6121530382595649,0.1701594533029612,0.2006833712984054,0.4659832953682612,0.16317388003037198,9.303305864046392,24.171263930543642,5733051.805103457,30353.260533260673,0,0,1,0,0,0,0,0,0,0,0,0,0,0,0,0,4,0,0,1,0,0,0,0,1,0,0,0,0,0,0,0,0,0,0,0
C2076,1385.0,42.535,230.83333333333334,25.0,0.0,14.0,1139.0,17155666.666666668,140388.33333333334,4715.37,129.14582200229873,35.37838103608261,0.10732054473935017,1.0,30622.0,2.33,0.9500000000000001,1.8358208955223885,1.0888888888888888,0.9493203114689192,0.6699029126213593,0.1802625563320488,0.2025994383123244,0.482332963229051,0.1348050421265756,7.8180988737672035,189.81824640077855,7500612.846072423,31014.142849136853,0,0,1,0,0,0,0,0,0,0,0,0,0,0,0,0,6,0,0,1,0,0,0,0,1,0,0,0,0,0,0,0,0,0,0,0
C2091,150.0,30.552,30.0,4.0,0.0,1.0,120.0,10007000.0,119558.0,115.18000000000002,127.79897747574982,36.80627042688673,0.506152101676851,1.0,9770.0,1.9099999999999997,1.05,1.754022988505747,1.2595744680851064,1.1183729433272396,0.6769911504424779,0.1530194472876151,0.21740020470829072,0.47441146366427833,0.1551688843398157,7.44737000557915,23.280893453645632,4346431.869936534,43118.17273493857,0,0,0,0,0,0,0,0,0,0,0,0,0,0,1,0,5,0,0,1,1,0,1,0,1,1,0,0,0,0,0,0,0,1,0,0
C2112,377.0,41.02333333333333,62.833333333333336,21.0,0.0,4.0,382.0,20976000.0,146576.66666666666,5080.330000000001,128.44729520249032,36.09055755033358,0.17362823773109126,1.0,48115.0,2.15,1.07,1.9680284191829485,1.1729767769176636,1.0486294416243656,0.5559845559845559,0.21785306037618204,0.3208770653642315,0.4193910422945027,0.0418788319650836,4.754587959714985,46.071321520732035,4670288.727691255,31505.490738388235,0,0,0,1,0,0,0,0,0,0,0,0,0,0,0,0,6,0,0,1,0,0,0,0,1,0,0,0,0,0,0,0,0,0,0,0
C2113,990.0,31.30125,123.75,32.0,0.0,2.0,701.0,10417625.0,132262.5,323.13000000000005,127.92114628495493,37.29922559210485,0.29307454339076466,1.0,8632.0,1.82,1.11,1.7491749174917497,1.3217011995637948,1.1739572736520854,0.7113997113997115,0.12082947173308621,0.24664040778498614,0.4951343836886006,0.1373957367933271,8.447823789930414,81.61013592510606,4681278.36440005,57869.28811677968,1,0,0,0,0,0,0,0,0,0,0,0,0,0,0,0,8,0,0,1,1,0,0,0,1,0,0,0,0,0,1,0,0,0,0,0
C2128,335.0,44.3175,83.75,3.0,0.0,4.0,278.0,18115000.0,100945.0,5558.64,127.512735401912,37.8344727708444,0.02005230502544171,1.0,19432.0,2.07,1.04,1.9276315789473684,1.169791108730584,1.089720868409393,0.7115902964959568,0.1427027583367641,0.2084705640181144,0.4854363935776039,0.1633902840675175,8.95038686314731,58.625222103346154,6087315.82883622,34056.89504344165,0,1,0,0,0,0,0,0,0,0,0,0,0,0,0,0,4,0,0,1,0,0,0,0,1,0,0,0,0,0,0,0,0,0,0,0
C2131,538.0,54.38666666666666,89.66666666666667,5.0,0.0,3.0,451.0,42049000.0,259561.66666666666,269.09999999999997,127.10242052979099,36.1798555077881,0.1036031697980545,2.0,35011.0,2.15,0.9900000000000001,1.9483667017913595,1.1075622357914516,0.9831007553450263,0.6698396793587175,0.2060495272914227,0.2563194424609408,0.4424323783953615,0.095198651852275,3.9143360441672175,64.63023028480299,15568712.342387214,138709.80836504197,0,0,0,0,0,0,0,0,0,0,0,0,0,1,0,0,6,0,1,0,0,0,0,0,1,0,0,0,0,0,0,0,0,0,0,0
C2144,828.0,42.635714285714286,118.28571428571429,17.0,0.0,2.0,585.0,14890428.57142857,131955.7142857143,460.74499999999995,129.197168997855,35.182910662430395,0.01737897256140072,1.0,9960.0,1.9700000000000002,0.9299999999999999,2.455357142857143,1.1663652802893314,0.9013605442176872,0.6147368421052631,0.10030120481927708,0.24056224899598394,0.5051204819277109,0.1540160642570281,3.907022980662972,75.45354925540677,666549.5373295866,21359.518453640954,0,0,0,0,0,0,0,1,0,0,0,0,0,0,0,0,7,0,0,1,0,0,0,0,1,0,0,0,0,0,0,0,0,0,0,0
C2152,120.0,29.335,60.0,9.0,0.0,1.0,40.0,10113500.0,102835.0,0.0,127.70299272649281,38.11441288214362,0.2303083310405055,1.0,8365.0,2.1,1.09,1.9809782608695647,1.425531914893617,1.15767131594906,0.6087533156498673,0.1707112970711297,0.2589360430364614,0.4253436939629408,0.14500896592946802,6.371032098490797,8.48528137423857,2196980.769146603,22337.503217683035,1,0,0,0,0,0,0,0,0,0,0,0,0,0,0,0,2,0,0,0,1,0,0,0,0,1,0,0,0,0,0,0,0,0,0,0
C2174,954.0,28.918,189.2,41.0,0.0,3.0,667.0,24856000.0,136400.0,13955.25,129.368246443121,35.5993959008671,0.3126866345662001,1.0,36060.0,2.66,1.04,2.3539772727272728,1.1119388729703916,1.0137092602172788,0.7093712930011863,0.22165834719911262,0.306600110926234,0.43178036605657233,0.0399611758180809,8.31046749587531,174.26761030093917,7094901.69065083,39323.02124710155,0,0,0,0,0,0,0,0,0,1,0,0,0,0,0,0,5,0,0,0,0,0,1,0,0,0,0,0,0,0,0,0,0,0,0,1
C2175,595.0,83.19,99.16666666666667,5.0,0.0,3.0,685.0,56166666.666666664,511666.6666666667,31585.78,128.739633330704,35.3069297751458,0.13160294691208627,1.0,55651.0,2.33,1.0600000000000003,2.1784021665538247,1.1465919701213816,1.088124178712221,0.6799329702555509,0.2232125208891125,0.24786616592693747,0.4568651057483244,0.07205620743562559,4.101482658746714,113.1696366816942,4490731.195102493,20412.414523193154,0,0,1,0,0,0,0,0,0,0,0,0,0,0,0,0,6,0,0,0,0,0,0,0,1,0,0,0,0,0,0,0,0,0,0,0
C2177,1245.0,41.917199999999994,49.8,2.0,0.0,1.0,187.0,5582099.906287494,135776.59749634273,2997.679999999999,127.01491822515104,36.76335428200619,0.020815094076011283,1.0,28984.0,2.369999999999999,0.9899999999999995,1.909142212189615,1.0300000000000002,1.0474377280660006,0.5802707930367501,0.23205906707148757,0.23813138283190732,0.44524565277394446,0.08456389732266073,75.56537034912223,150.54373672347404,9396987.529685732,223941.34297765038,0,0,0,0,0,0,0,0,0,0,0,0,0,1,0,22,3,0,0,0,1,1,0,0,0,1,1,0,0,0,0,0,0,0,0,0
C2189,382.0,36.015,94.5,45.0,0.0,2.0,300.0,11460750.0,130975.0,22.04,126.84861399999998,35.493656,0.17371332938264164,1.0,3900.0,1.74,1.06,1.7904761904761906,1.3462783171521036,1.228395061728395,0.6661211129296236,0.0902564102564102,0.1858974358974359,0.4628205128205128,0.261025641025641,8.352777981007277,78.10036278191457,5720152.292553058,29751.904700931897,0,0,0,0,0,0,0,0,0,0,0,1,0,0,0,0,4,0,0,1,0,0,0,0,0,0,0,0,0,1,0,0,0,0,0,0
C2215,496.0,41.425,124.0,8.0,0.0,6.0,350.0,15791500.0,95050.0,9.0,126.87285634208828,35.196497618920546,0.044560618313795014,1.0,37886.0,2.34,1.01,2.049082796232028,1.107795957651588,0.9891237932298668,0.6670822942643392,0.2107638705590455,0.2890249696457794,0.4296309982579316,0.0705801615372433,5.53678908152851,87.71164878927618,2918505.610753558,8787.271097066106,0,0,0,0,1,0,0,0,0,0,0,0,0,0,0,0,4,0,0,1,0,0,0,0,1,0,0,0,0,0,0,0,0,0,0,0
C2222,456.0,41.11571428571428,65.14285714285714,16.0,0.0,3.0,372.0,12692285.714285715,110590.0,3894.0499999999997,129.2150833371729,35.99448832024628,0.48866256465175256,1.0,24444.0,2.0,0.9800000000000002,1.632885211995864,1.2664359861591696,1.0373230373230369,0.6506565307532827,0.1257159221076746,0.16077565046637213,0.5180821469481264,0.1954262804778268,4.931158948100189,48.649866637119615,3615534.894234679,25349.015759985632,0,0,0,1,0,0,0,0,0,0,0,0,0,0,0,0,7,0,0,1,0,0,0,0,1,0,0,0,0,0,0,0,0,0,0,0
C2224,826.0,55.77,413.0,26.0,0.0,4.0,746.0,29896500.0,339210.0,6937.26,128.05693551416599,35.166933451829,0.7656001924108871,1.0,24288.0,2.555,0.915,1.6847383265434033,1.0368203716448727,0.8844008788237282,0.5620777027027027,0.2210762516469038,0.2437005928853755,0.4590744400527009,0.0761487154150197,5.911412690719537,346.4823227814083,3251984.086676932,34139.11539568652,0,0,1,0,0,0,0,0,0,0,0,0,0,0,0,0,2,0,0,1,0,0,0,0,1,0,0,0,0,0,0,0,0,0,0,0
C2253,1161.0,38.4183870967742,37.45161290322581,0.0,0.0,2.0,173.0,8455422.826467175,558119.4124034194,1520.919999999999,127.94200297270206,37.331906531262895,0.317287715612401,1.0,11991.0,2.1700000000000013,0.9349999999999996,1.449873631002527,1.1049941014549745,0.9416105229387235,0.6471544715447155,0.14535901926444836,0.2232090734717706,0.5047118672337588,0.12672004003002255,41.05841960725183,140.344062624603,11212326.999343313,2098631.198790655,1,0,0,0,0,0,0,0,0,0,0,0,0,0,0,28,3,0,0,0,1,1,0,0,0,1,1,0,0,0,0,0,0,0,0,0
C2267,1191.0,41.538000000000004,119.1,33.0,0.0,15.0,1052.0,27069000.0,253575.0,15.55,127.09793714222084,37.00306512386303,0.01749044967420535,1.0,71307.5,2.485,1.01,2.2299683711122817,1.0562432849068062,1.0045554185504864,0.691334894613583,0.23034042702380525,0.30864916032675377,0.41037057812993016,0.0506398345195105,8.265381351691458,59.69822256799425,11770391.242435401,67727.03485315152,0,1,0,0,0,0,0,0,0,0,0,0,0,0,0,0,10,0,0,1,0,0,0,0,1,0,0,0,0,0,0,0,0,0,0,0
C2268,900.0,30.45636363636364,81.81818181818181,45.0,0.0,2.0,633.0,59321454.54545455,42822.72727272727,249.57999999999996,128.992252272737,35.3069129551925,0.023893256126674468,1.0,120892.0,2.52,0.9800000000000003,2.313416188655194,0.9854089484183531,0.9795505792706632,0.7042761463163317,0.23594613373920523,0.28814148165304576,0.42118585183469553,0.05472653277305361,8.998816891933373,87.85307983425304,22016035.003440727,35663.78838287068,0,0,1,0,0,0,0,0,0,0,0,0,0,0,0,0,11,0,0,0,0,0,1,0,0,0,0,0,0,0,0,0,1,1,0,0
C2269,618.0,44.961,61.8,4.0,0.0,2.0,545.0,23367400.0,204590.0,5991.277999999999,127.14665987039487,37.29522290964154,0.020479392580905784,1.0,39189.0,2.6299999999999994,0.9399999999999997,1.7811550151975684,1.01142313184198,0.9059711007224822,0.7492795389048991,0.20265890938783843,0.21567276531679802,0.4577560029600143,0.12391232233534918,5.035934096294565,29.38177817779055,5120057.187180628,48351.1277588802,0,1,0,0,0,0,0,0,0,0,0,0,0,0,0,0,10,0,0,1,0,0,0,0,1,0,0,0,0,0,0,0,0,0,0,0
C2292,906.0,35.696000000000005,181.2,22.0,0.0,2.0,906.0,16817600.0,206212.0,640.24,127.25397051843133,36.48366049705136,0.10972271411280277,1.0,32196.0,2.45,0.9399999999999998,1.9549867608120035,0.8714600956233911,0.9951028403525954,0.6574257425742575,0.2782954404273823,0.3160951671015033,0.3796123742079761,0.0259970182631382,8.85202971074996,118.0643892119889,8774847.964494884,50268.808619262105,0,0,0,0,0,0,0,0,1,0,0,0,0,0,0,0,5,0,0,1,0,0,0,0,0,0,0,0,0,1,0,0,0,0,0,0
C2295,496.0,47.358000000000004,99.2,22.0,0.0,1.0,378.0,17430400.0,107356.0,300.39799999999997,128.4495083282959,35.82834042553831,0.033230491597882994,1.0,8379.0,2.04,1.08,1.7768361581920904,1.2554179566563468,1.1761477045908184,0.7010050251256281,0.1440506026972192,0.1738870986991287,0.52046783625731,0.16159446234634198,10.25685478107202,90.4969612749511,7919315.488096178,30585.971130568996,0,0,0,1,0,0,0,0,0,0,0,0,0,0,0,0,5,0,0,1,0,0,0,0,1,0,0,0,0,0,0,0,0,0,0,0
C2303,963.0,81.55833333333332,160.5,16.0,0.0,6.0,1161.0,56233333.333333336,529000.0,4144.247013861328,127.25854208682848,37.00426387522253,0.1584282181937854,1.0,24463.0,2.2100000000000004,1.03,1.9564164648910405,1.1343101343101345,1.0328268617520164,0.6400665004156276,0.1905326411315047,0.2858194007276294,0.44299554429137883,0.0806524138494869,5.134613584941578,123.211606596132,5680375.574437545,27386.127875258306,0,1,0,0,0,0,0,0,0,0,0,0,0,0,0,0,6,0,0,0,0,0,0,0,1,0,0,0,0,0,0,0,0,0,0,0
C2318,420.0,49.94,210.0,1.0,2.0,8.0,210.0,21801000.0,234350.0,293.028,129.16998290682594,35.17372910679518,0.007987121772355141,1.0,22475.5,2.465,0.8825000000000001,1.7305867126833476,0.9386753203528041,0.8456473707467963,0.6280744905130007,0.1731774599007808,0.2591599741941225,0.4645836577606727,0.1030789081444239,0.0,93.33809511662427,0.0,0.0,0,0,0,0,0,0,0,1,0,0,0,0,0,0,0,0,2,1,0,0,0,0,0,0,1,0,0,0,0,0,0,0,0,0,0,0
C2323,603.0,45.435,75.375,11.0,0.0,2.0,562.0,25436000.0,138095.0,6183.267,126.81129441836926,35.18374610926538,0.0396714517745384,2.0,51326.5,2.645,1.0199999999999998,1.806910569105691,0.993145581880495,1.0077905012201993,0.6059160305343512,0.28984053071999843,0.260606119645797,0.4167632704353501,0.0327900791988543,5.231678233880326,34.284263362156615,5209991.061138479,25574.36551370476,0,0,0,0,1,0,0,0,0,0,0,0,0,0,0,0,8,0,0,1,0,0,0,0,1,0,0,0,0,0,0,0,0,0,0,0
C2363,864.0,26.72,142.66666666666666,36.0,0.0,6.0,603.0,20286666.666666668,118166.66666666667,175.48,129.16167264540502,35.3412219922964,0.08794467053645204,1.0,81775.0,2.6,0.9800000000000001,2.2405651248306557,0.9417340117729224,0.9876457282060204,0.7562599049128368,0.2751819015591562,0.2379944970956894,0.41906450626719666,0.0677590950779578,6.230091492105071,158.16278534050502,4519144.461805427,26278.635175112628,0,0,0,0,0,0,0,1,0,0,0,0,0,0,0,0,6,0,0,0,0,0,1,0,0,0,0,0,0,0,0,0,0,1,0,0
C2369,656.0,55.925,328.0,3.0,0.0,3.0,528.0,25911000.0,110005.0,1578.18,127.099649955731,36.1935741894721,0.10287842181430043,2.0,35011.0,2.15,0.99,1.9483667017913595,1.1075622357914514,0.9831007553450264,0.6698396793587175,0.2060495272914227,0.2563194424609408,0.4424323783953615,0.095198651852275,5.7487781310466355,135.7645019878171,3152282.030529629,12508.718959190026,0,0,0,0,0,0,0,0,0,0,0,0,0,1,0,0,2,0,0,1,0,0,0,0,1,0,0,0,0,0,0,0,0,0,0,0
C2374,385.0,43.20166666666666,64.16666666666667,11.0,0.0,3.0,349.0,17341000.0,129430.0,4266.468,126.466965337122,34.8090083213795,0.4373291756282112,1.0,5431.0,2.16,1.12,1.4569536423841056,1.3192090395480225,1.3539462978030918,0.6849132176234979,0.0837783097035536,0.1511692137727858,0.5326827471920456,0.2323697293316148,3.939834598897096,33.82553276249565,2714512.9949956033,21032.54620819838,0,0,0,0,0,0,0,0,0,0,1,0,0,0,0,0,6,0,0,1,0,0,0,0,1,0,0,0,0,0,0,0,0,0,0,0
C2397,557.0,51.92333333333334,185.66666666666666,3.0,0.0,3.0,470.0,32448000.0,272630.0,151.042,126.80257743963499,37.47416243846,0.011076187406989601,1.0,56522.0,2.34,0.9700000000000001,1.8905075187969924,1.1059549356223175,0.9336709221881464,0.778600061671292,0.1404762747248858,0.2778033332153851,0.4796716322847739,0.1020487597749548,0.05507570547286291,226.2130264448388,62641.8390534633,0.0,0,1,0,0,0,0,0,0,0,0,0,0,0,0,0,0,3,0,0,1,0,0,0,0,1,0,0,0,0,0,0,0,0,0,0,0
C2404,214.0,29.526818181818182,9.090909090909092,15.0,0.0,5.0,117.0,20756363.636363637,129727.27272727272,3427.7300000000014,127.74182918411499,34.741598416900885,0.8865428139192144,1.0,4705.0,1.82,1.0300000000000002,1.9548872180451133,1.3433583959899744,1.0710944808231988,0.7654109589041093,0.11158342189160461,0.19872476089266736,0.47056323060573857,0.21912858660998938,7.652418470102012,11.892010486873673,5061434.527929753,31633.96579956096,0,0,0,0,0,0,0,0,0,0,1,0,0,0,0,0,22,0,0,0,0,0,1,0,0,0,0,0,0,0,0,1,0,0,0,0
C2411,962.0,43.56,192.2,25.0,0.0,2.0,840.0,25902400.0,102222.0,8694.222,129.05214125861215,35.39132827252582,0.058521942362972465,1.0,12753.0,2.01,1.04,1.6323529411764706,1.4244004171011468,1.0827606812070512,0.6586314152410575,0.1038187093232964,0.1823100446953658,0.5466164823962989,0.1672547635850388,5.634771512670233,104.24586322727632,26074462.886126723,47424.30832389651,0,0,1,0,0,0,0,0,0,0,0,0,0,0,0,0,5,0,0,1,0,0,0,0,1,0,0,0,0,0,0,0,0,0,0,0
C2417,494.0,49.415,247.0,21.0,0.0,4.0,447.0,27465500.0,218475.0,4984.625,129.36527755212333,35.595532893860025,0.3079692205389488,1.0,36060.0,2.66,1.04,2.3539772727272728,1.1119388729703916,1.0137092602172788,0.7093712930011863,0.2216583471991126,0.306600110926234,0.4317803660565724,0.0399611758180809,3.556747109368335,108.89444430272832,3530584.1584644318,44144.67634947616,0,0,0,0,0,0,0,0,0,1,0,0,0,0,0,0,2,0,0,1,0,0,0,0,1,0,0,0,0,0,0,0,0,0,0,0
C2423,207.0,45.599999999999994,103.5,0.0,0.0,2.0,152.0,14979500.0,129190.0,8.776,126.41075857922701,33.4659823206709,1.6971136063986418,1.0,37337.0,2.18,1.05,2.1963963963963966,1.085166968677194,1.1471661396253954,0.6542288557213929,0.1867584433671693,0.2157377400433886,0.4728285614805689,0.1246752551088732,8.810550493584385,0.7071067811865476,4414467.634947617,37957.49201409387,0,0,0,0,0,0,0,0,0,0,0,0,1,0,0,0,2,0,0,1,0,0,0,0,1,0,0,0,0,0,0,0,0,0,0,0
C2430,687.0,57.18666666666667,114.5,13.0,0.0,1.0,690.0,51761666.666666664,350968.3333333333,7357.099999999999,127.30384837494394,36.376257503287256,0.014193296195541315,1.0,28168.0,2.6,0.973333333333333,1.9404452690166971,1.008714596949891,0.9441125152011844,0.7318622534269476,0.2417282022152797,0.2618574268673672,0.43511549749124295,0.061298873426110005,4.1127152425941995,80.59962779070385,15067870.276408233,214404.38189707472,0,0,0,0,0,0,1,0,0,0,0,0,0,0,0,0,6,0,1,0,0,0,0,0,1,0,0,0,0,0,0,0,0,0,0,0
C2436,708.0,53.456,141.6,17.0,0.0,3.0,711.0,68761600.0,113184.0,2237.72,129.24838683435377,35.57074662479529,0.25881404817765186,1.0,70033.0,2.8,1.01,1.7937967914438502,1.1061756517337382,0.9807555238774055,0.7142857142857143,0.230662687590136,0.23764511016235196,0.47617551725615054,0.0555166849913612,3.6250558616385464,105.62575443517551,39469581.664872,87829.85642707154,0,0,0,0,0,0,0,0,0,1,0,0,0,0,0,0,5,0,0,1,0,0,0,0,1,0,0,1,0,0,0,0,0,0,0,0
C2451,395.0,59.45,98.75,2.0,0.0,3.0,433.0,50000000.0,450000.0,106.23,128.53492300594417,35.800977631261794,0.0158613041113865,1.0,76458.0,2.65,0.97,2.216700302724521,1.035123545027568,0.9209608460846084,0.7199110828834551,0.2218603677836197,0.2606921447068979,0.4466112113840278,0.0708362761254545,0.34880749227427055,167.60345064069136,0.0,0.0,0,0,0,0,0,1,0,0,0,0,0,0,0,0,0,0,4,0,0,0,0,0,0,0,1,0,0,0,0,0,0,0,0,0,0,0
C2456,349.0,34.33,86.5,17.0,0.0,4.0,270.0,12228750.0,155082.5,40.92,126.91016372617514,33.450130329747836,1.6568281522593493,1.0,15478.0,1.9,1.1,2.1004098360655736,1.173913043478261,1.2671194114318054,0.6606587942821628,0.1255976224318387,0.1841323168368006,0.5176379377180514,0.1726321230133092,9.802350058361855,47.085029467974216,6789171.838302518,48120.943725159836,0,0,0,0,0,0,0,0,0,0,0,0,1,0,0,0,4,0,0,1,0,0,0,0,0,0,0,0,0,1,0,0,0,0,0,0
C2473,1147.0,42.76416666666666,95.58333333333333,17.0,0.0,1.0,1222.0,21375333.333333332,134938.33333333334,5061.599999999999,126.77951254473889,35.146390679997175,0.01426934082951121,1.0,32918.0,2.3799999999999994,1.0399999999999998,2.1117775354416577,1.1202803527017864,1.0698090692124107,0.6303170920340293,0.2295400692630172,0.2848897259857828,0.4215322923628409,0.06403791238835889,9.681523601294595,97.21621482161514,9327869.642131908,46880.53653767847,0,0,0,0,1,0,0,0,0,0,0,0,0,0,0,0,12,0,0,1,0,0,0,0,1,0,0,0,0,0,0,0,0,0,0,0
C2497,488.0,67.455,91.5,37.0,0.0,6.0,624.0,33400000.0,483000.0,5546.33,128.19221956682264,36.1200793147526,0.3541391175873006,1.0,22662.0,2.54,1.01,2.63768115942029,0.9635343618513325,1.0659532105525138,0.5880758807588076,0.2989586091254081,0.3088871238196099,0.3662960021180831,0.0258582649368987,8.643010663729008,87.13782186857783,2771281.2921102038,77364.93607140984,0,0,0,1,0,0,0,0,0,0,0,0,0,0,0,0,4,0,0,0,0,0,0,0,1,0,0,0,0,0,0,0,0,0,0,0
C2523,371.0,45.16,123.66666666666667,2.0,0.0,13.0,281.0,20792333.333333332,173513.33333333334,4961.234,128.57142169658658,38.18887339102853,0.9072965285406388,1.0,16935.0,2.04,0.9899999999999999,2.0867052023121393,1.1431524547803618,0.9370783760578928,0.6170513424399435,0.1874815470918216,0.24487747268969592,0.4662828461765574,0.101358134041925,7.787188196005026,74.87545214109451,5553075.754330508,45073.132055952505,1,0,0,0,0,0,0,0,0,0,0,0,0,0,0,0,3,0,0,1,0,0,0,0,1,0,0,0,0,0,0,0,0,0,0,0
C2535,558.0,55.925,279.0,23.0,0.0,2.0,480.0,23750000.0,228365.0,838.949,129.35693693429042,35.632092276186974,0.3390908270685139,1.0,37059.0,2.58,1.05,2.219662058371736,1.1156270376005215,1.0683114306967518,0.6656394453004623,0.2288243071858388,0.2626622412909145,0.4501740467902533,0.0583394047329933,5.7487781310466355,258.8010819142764,2640336.7209505686,37059.46640198695,0,0,0,0,0,0,0,0,0,1,0,0,0,0,0,0,2,0,0,1,0,0,0,0,1,0,0,0,0,0,0,0,0,0,0,0
C2547,626.0,32.79666666666666,104.33333333333333,9.0,0.0,8.0,566.0,24487166.666666668,186855.0,204.33,127.129441465179,37.6616598491249,0.019444523625294058,1.0,76076.0,2.4499999999999997,0.9500000000000001,2.1902754356379988,0.9535351687551451,0.9489595375722545,0.763447828904731,0.20451916504548076,0.28074557021925445,0.44320153530679834,0.0715337294284662,9.926485111390974,75.57159960373122,12917965.914441276,58264.360204159115,0,1,0,0,0,0,0,0,0,0,0,0,0,0,0,0,6,0,0,1,0,0,0,0,0,0,0,0,0,1,0,0,0,0,0,0
C2551,674.0,31.078333333333337,112.33333333333333,18.0,0.0,2.0,674.0,15215666.666666666,179385.0,295.96,127.283804751973,36.47555764301149,0.08886689927764534,1.0,19373.0,2.7899999999999996,0.96,2.2724409448818896,0.8762670394966795,0.9886157826649419,0.7247956403269756,0.2935012646466732,0.27708666701078816,0.3967377277654467,0.032674340577091794,10.568281632633884,77.02899886839155,9554168.716673715,65374.43743543802,0,0,0,0,0,0,0,0,1,0,0,0,0,0,0,0,6,0,0,1,0,0,0,0,0,0,0,0,0,1,0,0,0,0,0,0
C2555,1442.0,45.337999999999994,288.4,23.0,0.0,6.0,1225.0,21222800.0,126568.0,28.0,126.85887238759821,35.1711675699068,0.022289483048022987,1.0,16229.0,2.57,0.9,1.6394671107410492,0.9916573971078975,0.8645935357492653,0.6268656716417911,0.24296013309507672,0.2206543841271797,0.46922176350976647,0.067163719267977,3.1796886640046993,130.23555582098155,1704331.0124503395,14738.297730742175,0,0,0,0,1,0,0,0,0,0,0,0,0,0,0,0,5,0,0,1,0,0,0,0,1,0,0,0,0,0,0,0,0,0,0,0
C2557,964.0,49.99142857142857,137.71428571428572,31.0,0.0,4.0,818.0,32033285.714285713,185230.0,7985.43,129.192767646477,35.3211399553989,0.0531956480098707,1.0,81775.0,2.6,0.9800000000000002,2.2405651248306557,0.9417340117729224,0.9876457282060204,0.7562599049128369,0.2751819015591562,0.23799449709568937,0.41906450626719666,0.0677590950779578,4.926849664750045,126.41560331661896,4662794.609612199,32476.06195338345,0,0,0,0,0,0,0,1,0,0,0,0,0,0,0,0,7,0,0,1,0,0,0,0,1,0,0,0,0,0,0,0,0,0,0,0
C2600,540.0,45.29600000000001,108.0,10.0,0.0,6.0,458.0,17013200.0,122550.0,6877.67,126.963719714214,36.0765533673212,0.2732073119265172,2.0,6869.0,2.04,0.96,1.4884488448844884,1.1878787878787882,1.0866625691456668,0.6126914660831511,0.1334983258116174,0.1576648711602853,0.4942495268598049,0.21458727616829226,9.316798269792043,93.91485505499116,7673455.232162367,29618.604794959534,0,0,0,0,0,0,0,0,0,0,0,1,0,0,0,0,5,0,0,1,0,0,0,0,1,0,0,0,0,0,0,0,0,0,0,0
C2602,349.0,36.325,87.25,5.0,0.0,2.0,270.0,12696000.0,113880.0,8094.28,126.90478097786199,35.8011553735422,0.4835104341939371,1.0,11314.0,2.18,0.94,1.7511380880121397,1.0807560137457044,0.9968737788198516,0.5462012320328542,0.2011666961286901,0.2140710624005656,0.4516528195156443,0.1331094219550998,7.809095124703416,48.6372628067548,4890346.477159535,15234.668796312353,0,0,0,0,0,0,0,0,0,0,0,1,0,0,0,0,4,0,0,1,0,0,0,0,1,0,0,0,0,0,0,0,0,0,0,0
C2608,1138.0,47.230000000000004,142.25,25.0,0.0,5.0,1141.0,21957000.0,183177.5,6054.620000000001,127.20911805609377,37.7255651843219,0.08051265630805039,1.0,92857.0,2.49,1.0199999999999998,1.816252494104843,1.057097224995009,1.045551833240275,0.7253276792598304,0.20822339726676503,0.2219326491271525,0.4734484206898779,0.0963955329162045,3.8690530402892445,95.62538515328598,3523190.5994424997,29467.23543676458,0,1,0,0,0,0,0,0,0,0,0,0,0,0,0,0,8,0,0,1,0,0,0,0,1,0,0,0,0,0,0,0,0,0,0,0
C2646,584.0,55.905,292.0,29.0,0.0,5.0,499.0,25394000.0,222355.0,250.75,127.95721816213734,37.38448986994845,0.3403280198596786,1.0,17383.0,2.2,1.0,1.812712826333712,1.1093117408906883,1.0147824030274362,0.6422976501305483,0.1766093309555312,0.2247885865500776,0.4900477477995743,0.1085543346948167,5.621498910433055,53.74011537017761,2627608.7988892104,42928.4526858353,1,0,0,0,0,0,0,0,0,0,0,0,0,0,0,0,2,0,0,1,0,0,0,0,1,0,0,0,0,0,0,0,0,0,0,0
C2653,879.0,53.81,219.75,25.0,0.0,16.0,802.0,23511750.0,243055.0,5231.081,127.070096017189,37.0607105297915,0.017706743560016468,1.0,44218.0,2.2,1.06,1.6702401372212694,1.303370786516854,1.0296458416235574,0.6373106060606061,0.1729612375050884,0.2874395042742774,0.4613958116604097,0.0782034465602243,3.8402343678478785,206.35628574547144,1271500.0,20970.0,0,1,0,0,0,0,0,0,0,0,0,0,0,0,0,0,4,0,0,1,0,0,0,0,1,0,0,0,0,0,0,0,0,0,0,0
C2676,2572.0,53.87195652173912,55.91304347826087,25.0,0.0,2.0,418.0,23260314.261867084,1228204.5081115414,6.830000000000001,129.00183824572446,35.183283725875,0.014671529216637794,1.0,19510.0,1.9249999999999985,0.954999999999999,1.8560344827586204,1.2002590673575138,0.9958044687286569,0.6379888268156427,0.10784213223987689,0.21765761148129145,0.5242183495643257,0.15028190671450556,97.52040070603039,237.58917166561616,25004048.89973026,5582506.9243797045,0,0,0,0,0,0,0,1,0,0,0,0,0,0,0,43,3,0,0,0,1,1,0,0,0,1,1,0,0,0,0,0,0,0,0,0
C2688,150.0,30.426666666666666,25.0,1.0,0.0,3.0,107.0,8511333.333333334,109251.66666666667,2332.4,126.52989006216258,35.06820499791308,0.24626737949042318,1.0,3116.0,1.78,1.07,1.7345132743362832,1.6753246753246749,1.2949756888168558,0.612736660929432,0.11264441591784329,0.1322207958921694,0.4544287548138639,0.30070603337612317,8.546074342449092,21.382235617446554,4340818.294592238,43203.63892852854,0,0,0,0,0,0,0,0,0,0,1,0,0,0,0,0,6,0,0,1,1,0,0,0,0,1,0,0,0,1,0,0,0,0,0,0
C2691,765.0,78.22666666666667,255.0,25.0,0.0,19.0,910.0,70666666.66666667,560000.0,115.81,127.10512996603741,37.007306667756595,0.02569171119382381,1.0,71307.5,2.4850000000000003,1.01,2.2299683711122817,1.0562432849068062,1.0045554185504864,0.6913348946135831,0.2303404270238053,0.3086491603267538,0.4103705781299302,0.050639834519510506,5.727393240675318,296.774325035034,8082903.768654758,17320.508075688773,0,1,0,0,0,0,0,0,0,0,0,0,0,0,0,0,3,0,0,0,0,0,0,0,1,0,0,0,0,0,0,0,0,0,0,0
