,단지코드,지역,단지명,도로명주소,전용면적,임대료,임대보증금
0,C2289,부산광역시,동삼주공2단지,부산광역시 영도구 상리로 1,38.0,14621655.909550158,119407.90363775325
1,C2289,부산광역시,동삼주공2단지,부산광역시 영도구 상리로 1,37.26,16760000.0,137800.0
2,C2289,부산광역시,동삼주공2단지,부산광역시 영도구 상리로 1,37.41,14649981.25614402,119743.02060706574
3,C2289,부산광역시,동삼주공2단지,부산광역시 영도구 상리로 1,37.49,14646140.53118214,119697.58101800644
4,C2289,부산광역시,동삼주공2단지,부산광역시 영도구 상리로 1,37.95,9560000.0,76100.0
5,C2289,부산광역시,동삼주공2단지,부산광역시 영도구 상리로 1,38.04,14619735.547069218,119385.1838432236
6,C2289,부산광역시,동삼주공2단지,부산광역시 영도구 상리로 1,39.33,17692000.0,145500.0
7,C2289,부산광역시,동삼주공2단지,부산광역시 영도구 상리로 1,54.51,13761000.0,109500.0
8,C2289,부산광역시,동삼주공2단지,부산광역시 영도구 상리로 1,54.6,13783000.0,109500.0
9,C2289,부산광역시,동삼주공2단지,부산광역시 영도구 상리로 1,54.61,13761000.0,109500.0
10,C2289,부산광역시,동삼주공2단지,부산광역시 영도구 상리로 1,75.98,12798271.733897751,97835.45873183972
11,C2289,부산광역시,동삼주공2단지,부산광역시 영도구 상리로 1,583.4,30072000.0,1253000.0
12,C2597,부산광역시,동삼주공1단지,부산광역시 영도구 동삼북로 2,15.0,4720041.83198073,44723.36463081074
13,C2597,부산광역시,동삼주공1단지,부산광역시 영도구 동삼북로 2,19.25,4550000.0,46400.0
14,C2597,부산광역시,동삼주공1단지,부산광역시 영도구 동삼북로 2,22.89,5532347.1831698185,59025.503543126426
15,C2597,부산광역시,동삼주공1단지,부산광역시 영도구 동삼북로 2,23.88,5634271.42875628,60820.068501705966
16,C2597,부산광역시,동삼주공1단지,부산광역시 영도구 동삼북로 2,23.91,5637360.0422589015,60874.449258026565
17,C2597,부산광역시,동삼주공1단지,부산광역시 영도구 동삼북로 2,24.38,5685748.320466615,61726.41444038249
18,C2597,부산광역시,동삼주공1단지,부산광역시 영도구 동삼북로 2,27.5,7990000.0,73000.0
19,C2597,부산광역시,동삼주공1단지,부산광역시 영도구 동삼북로 2,27.75,4330000.0,62700.0
20,C2597,부산광역시,동삼주공1단지,부산광역시 영도구 동삼북로 2,28.19,4400000.0,60800.0
21,C2597,부산광역시,동삼주공1단지,부산광역시 영도구 동삼북로 2,28.88,8390000.0,85600.0
22,C2597,부산광역시,동삼주공1단지,부산광역시 영도구 동삼북로 2,42.35,7535827.808536055,94300.48747641713
23,C2597,부산광역시,동삼주공1단지,부산광역시 영도구 동삼북로 2,42.4,7540975.497707088,94391.12207028472
24,C2597,부산광역시,동삼주공1단지,부산광역시 영도구 동삼북로 2,55.17,8620000.0,115200.0
25,C2597,부산광역시,동삼주공1단지,부산광역시 영도구 동삼북로 2,55.5,8889670.060517866,118137.38566360992
26,C2597,부산광역시,동삼주공1단지,부산광역시 영도구 동삼북로 2,248.56,,
27,C2310,부산광역시,덕천주공2단지,부산광역시 북구 덕천로 74,38.0,8310000.0,120800.0
28,C2310,부산광역시,덕천주공2단지,부산광역시 북구 덕천로 74,37.26,7776000.0,324000.0
29,C2310,부산광역시,덕천주공2단지,부산광역시 북구 덕천로 74,37.41,13570000.0,220200.0
30,C2310,부산광역시,덕천주공2단지,부산광역시 북구 덕천로 74,37.49,13570000.0,220200.0
31,C2310,부산광역시,덕천주공2단지,부산광역시 북구 덕천로 74,37.95,8310000.0,120800.0
32,C2310,부산광역시,덕천주공2단지,부산광역시 북구 덕천로 74,38.04,8310000.0,120800.0
33,C2310,부산광역시,덕천주공2단지,부산광역시 북구 덕천로 74,39.33,16950000.0,262900.0
34,C2310,부산광역시,덕천주공2단지,부산광역시 북구 덕천로 74,54.51,6144000.0,256000.0
35,C2310,부산광역시,덕천주공2단지,부산광역시 북구 덕천로 74,54.6,6144000.0,256000.0
36,C2310,부산광역시,덕천주공2단지,부산광역시 북구 덕천로 74,54.61,6144000.0,256000.0
37,C2310,부산광역시,덕천주공2단지,부산광역시 북구 덕천로 74,75.98,407772.6786083728,327623.1968876571
38,C2310,부산광역시,덕천주공2단지,부산광역시 북구 덕천로 74,583.4,,
39,C2132,부산광역시,모라주공3단지,부산광역시 사상구 모라로192번길 20-21,15.0,3500000.0,52000.0
40,C2132,부산광역시,모라주공3단지,부산광역시 사상구 모라로192번길 20-21,38.0,8560319.110201105,197363.76327902847
41,C2132,부산광역시,모라주공3단지,부산광역시 사상구 모라로192번길 20-21,16.57,7452000.0,104600.0
42,C2132,부산광역시,모라주공3단지,부산광역시 사상구 모라로192번길 20-21,18.38,4478000.0,64700.0
43,C2132,부산광역시,모라주공3단지,부산광역시 사상구 모라로192번길 20-21,20.9,9190000.0,129200.0
44,C2132,부산광역시,모라주공3단지,부산광역시 사상구 모라로192번길 20-21,21.94,9190000.0,129200.0
45,C2132,부산광역시,모라주공3단지,부산광역시 사상구 모라로192번길 20-21,23.35,12873000.0,180800.0
46,C2132,부산광역시,모라주공3단지,부산광역시 사상구 모라로192번길 20-21,26.25,5950000.0,91200.0
47,C2132,부산광역시,모라주공3단지,부산광역시 사상구 모라로192번길 20-21,28.38,6906000.0,97700.0
48,C2132,부산광역시,모라주공3단지,부산광역시 사상구 모라로192번길 20-21,28.5,5568000.0,232000.0
49,C2132,부산광역시,모라주공3단지,부산광역시 사상구 모라로192번길 20-21,33.15,9190000.0,129200.0
50,C2132,부산광역시,모라주공3단지,부산광역시 사상구 모라로192번길 20-21,33.31,8130000.0,115000.0
51,C2132,부산광역시,모라주공3단지,부산광역시 사상구 모라로192번길 20-21,33.39,8130000.0,115000.0
52,C2132,부산광역시,모라주공3단지,부산광역시 사상구 모라로192번길 20-21,33.51,8162000.0,115400.0
53,C2132,부산광역시,모라주공3단지,부산광역시 사상구 모라로192번길 20-21,37.26,8498740.257630445,193276.5284848988
54,C2132,부산광역시,모라주공3단지,부산광역시 사상구 모라로192번길 20-21,37.41,8511222.45747585,194105.02202424945
55,C2132,부산광역시,모라주공3단지,부산광역시 사상구 모라로192번길 20-21,37.49,8517879.630726732,194546.8852452364
56,C2132,부산광역시,모라주공3단지,부산광역시 사상구 모라로192번길 20-21,37.95,8556158.376919305,197087.5987659116
57,C2132,부산광역시,모라주공3단지,부산광역시 사상구 모라로192번길 20-21,38.04,8563647.696826547,197584.69488952195
58,C2132,부산광역시,모라주공3단지,부산광역시 사상구 모라로192번길 20-21,39.33,8670994.615497021,204709.7393279372
59,C2132,부산광역시,모라주공3단지,부산광역시 사상구 모라로192번길 20-21,40.39,7896000.0,329000.0
60,C2132,부산광역시,모라주공3단지,부산광역시 사상구 모라로192번길 20-21,54.51,9934193.239851903,288553.2855102188
61,C2132,부산광역시,모라주공3단지,부산광역시 사상구 모라로192번길 20-21,54.6,9941682.559759144,289050.3816338292
62,C2132,부산광역시,모라주공3단지,부산광역시 사상구 모라로192번길 20-21,54.61,9942514.706415504,289105.61453645263
63,C2132,부산광역시,모라주공3단지,부산광역시 사상구 모라로192번길 20-21,75.98,11720812.11105739,407138.3274426026
64,C2132,부산광역시,모라주공3단지,부산광역시 사상구 모라로192번길 20-21,407.97,81594000.0,1246500.0
65,C2132,부산광역시,모라주공3단지,부산광역시 사상구 모라로192번길 20-21,583.4,81594000.0,1246500.0
66,C1439,부산광역시,주공아파트,부산광역시 해운대구 신반송로 200,15.0,1670000.0,25600.0
67,C1439,부산광역시,주공아파트,부산광역시 해운대구 신반송로 200,19.25,4303285.3025936615,66354.68299711819
68,C1439,부산광역시,주공아파트,부산광역시 해운대구 신반송로 200,22.89,6558616.7146974085,101259.87031700292
69,C1439,부산광역시,주공아파트,부산광역시 해운대구 신반송로 200,23.88,7172017.291066282,110753.31412103747
70,C1439,부산광역시,주공아파트,부산광역시 해운대구 신반송로 200,23.91,7190605.187319886,111040.99423631132
71,C1439,부산광역시,주공아파트,부산광역시 해운대구 신반송로 200,24.38,7481815.561959656,115547.98270893376
72,C1439,부산광역시,주공아파트,부산광역시 해운대구 신반송로 200,27.5,9414956.772334296,145466.7146974064
73,C1439,부산광역시,주공아파트,부산광역시 해운대구 신반송로 200,27.75,9569855.907780984,147864.04899135453
74,C1439,부산광역시,주공아파트,부산광역시 해운대구 신반송로 200,28.19,9842478.38616715,152083.35734870326
75,C1439,부산광역시,주공아파트,부산광역시 해운대구 신반송로 200,28.88,10270000.0,158700.0
76,C1439,부산광역시,주공아파트,부산광역시 해운대구 신반송로 200,42.35,18615965.41786744,287868.3717579252
77,C1439,부산광역시,주공아파트,부산광역시 해운대구 신반송로 200,42.4,18646945.244956773,288347.8386167148
78,C1439,부산광역시,주공아파트,부산광역시 해운대구 신반송로 200,55.17,26559193.08357349,410803.6743515852
79,C1439,부산광역시,주공아파트,부산광역시 해운대구 신반송로 200,55.5,26763659.94236312,413968.1556195967
80,C1439,부산광역시,주공아파트,부산광역시 해운대구 신반송로 200,248.56,,
81,C1899,경상남도,사천벌리1주공,경상남도 사천시 주공1길 50,32.1,9150000.0,223100.0
82,C1056,제주특별자치도,동홍 주공3단지,제주특별자치도 서귀포시 태평로512번길 9,31.84,4250000.0,69750.0
83,C2644,충청남도,석림주공3단지,충청남도 서산시 석림4로 83,48.9,13610000.0,317700.0
84,C2644,충청남도,석림주공3단지,충청남도 서산시 석림4로 83,49.72,14900000.0,347800.0
85,C1925,강원도,춘천효자8 단지,강원도 춘천시 공지로 234-16,32.1,133000.0,5162000.0
86,C1925,강원도,춘천효자8 단지,강원도 춘천시 공지로 234-16,72.16,301400.0,11604000.0
87,C1874,충청남도,공주옥룡주공1차아파트,충청남도 공주시 우금티로 709-12,12.62,129005.61911037524,5025220.384753905
88,C1874,충청남도,공주옥룡주공1차아파트,충청남도 공주시 우금티로 709-12,17.4,131585.0,5274500.0
89,C1874,충청남도,공주옥룡주공1차아파트,충청남도 공주시 우금티로 709-12,22.89,150487.16980081325,5986420.660991701
90,C1874,충청남도,공주옥룡주공1차아파트,충청남도 공주시 우금티로 709-12,23.13,188700.0,7480000.0
91,C1874,충청남도,공주옥룡주공1차아파트,충청남도 공주시 우금티로 709-12,23.25,151240.17449882274,6020114.146818928
92,C1874,충청남도,공주옥룡주공1차아파트,충청남도 공주시 우금티로 709-12,27.75,109700.0,4390000.0
93,C1874,충청남도,공주옥룡주공1차아파트,충청남도 공주시 우금티로 709-12,28.19,118100.0,4730000.0
94,C1874,충청남도,공주옥룡주공1차아파트,충청남도 공주시 우금티로 709-12,34.8,283900.0,11260000.0
95,C1874,충청남도,공주옥룡주공1차아파트,충청남도 공주시 우금티로 709-12,42.35,158920.0,6811999.0
96,C1874,충청남도,공주옥룡주공1차아파트,충청남도 공주시 우금티로 709-12,42.4,179200.0,7180000.0
97,C1874,충청남도,공주옥룡주공1차아파트,충청남도 공주시 우금티로 709-12,49.37,205874.8486988461,8464763.729616515
98,C1874,충청남도,공주옥룡주공1차아파트,충청남도 공주시 우금티로 709-12,55.17,218006.5910556661,9007603.223499594
99,C1874,충청남도,공주옥룡주공1차아파트,충청남도 공주시 우금티로 709-12,55.5,218696.8453621748,9038488.918841217
100,C2416,경상남도,김해구산주공1단지아파트,경상남도 김해시 가락로 222,19.69,177500.0,7520000.0
101,C2416,경상남도,김해구산주공1단지아파트,경상남도 김해시 가락로 222,27.12,172632.6193691896,7281560.954320825
102,C2416,경상남도,김해구산주공1단지아파트,경상남도 김해시 가락로 222,32.54,168615.15253741265,7035739.289561883
103,C2416,경상남도,김해구산주공1단지아파트,경상남도 김해시 가락로 222,36.43,167100.0,7070000.0
104,C2416,경상남도,김해구산주공1단지아파트,경상남도 김해시 가락로 222,46.89,157978.5014237597,6384901.487109702
105,C2416,경상남도,김해구산주공1단지아파트,경상남도 김해시 가락로 222,49.99,155680.68829119357,6244302.379959753
106,C2416,경상남도,김해구산주공1단지아파트,경상남도 김해시 가락로 222,51.14,154100.0,6080000.0
107,C2416,경상남도,김해구산주공1단지아파트,경상남도 김해시 가락로 222,317.17,0.0,0.0
108,C2621,대전광역시,대전둔산3,대전광역시 서구 월평북로 11,31.84,552100.0,21330000.0
109,C2621,대전광역시,대전둔산3,대전광역시 서구 월평북로 11,63.68,1104200.0,42660000.0
110,C2621,대전광역시,대전둔산3,대전광역시 서구 월평북로 11,137.49,0.0,0.0
111,C1616,대전광역시,법동 주공아파트3단지,대전광역시 대덕구 계족로663번길 34,38.0,339233.7461482253,11470453.475249415
112,C1616,대전광역시,법동 주공아파트3단지,대전광역시 대덕구 계족로663번길 34,37.26,336571.9385827887,11473847.556582524
113,C1616,대전광역시,법동 주공아파트3단지,대전광역시 대덕구 계족로663번길 34,37.41,337111.49417037715,11473159.56712311
114,C1616,대전광역시,법동 주공아파트3단지,대전광역시 대덕구 계족로663번길 34,37.49,544180.0,19590000.0
115,C1616,대전광역시,법동 주공아파트3단지,대전광역시 대덕구 계족로663번길 34,37.95,235000.0,5600000.0
116,C1616,대전광역시,법동 주공아파트3단지,대전광역시 대덕구 계족로663번길 34,38.04,233900.0,9120000.0
117,C1616,대전광역시,법동 주공아파트3단지,대전광역시 대덕구 계족로663번길 34,39.33,344017.80569150986,11464353.302042613
118,C1616,대전광역시,법동 주공아파트3단지,대전광역시 대덕구 계족로663번길 34,54.51,398620.8311554651,11394728.768749917
119,C1616,대전광역시,법동 주공아파트3단지,대전광역시 대덕구 계족로663번길 34,54.61,398980.53488052415,11394270.109110303
120,C1616,대전광역시,법동 주공아파트3단지,대전광역시 대덕구 계족로663번길 34,54.91,400059.6460557011,11392894.130191475
121,C1616,대전광역시,법동 주공아파트3단지,대전광역시 대덕구 계족로663번길 34,75.98,478600.0,11400000.0
122,C1616,대전광역시,법동 주공아파트3단지,대전광역시 대덕구 계족로663번길 34,109.11,0.0,0.0
123,C1616,대전광역시,법동 주공아파트3단지,대전광역시 대덕구 계족로663번길 34,583.4,1500000.0,95000000.0
124,C1704,대전광역시,대전산내주공아파트,대전광역시 동구 산내로 1352-25,31.84,104660.0,3767000.0
125,C1704,대전광역시,대전산내주공아파트,대전광역시 동구 산내로 1352-25,126.65,255690.0,9205000.0
126,C2258,대전광역시,중촌주공2단지,대전광역시 중구 대전천서로 695,19.0,107900.0,2600000.0
127,C2258,대전광역시,중촌주공2단지,대전광역시 중구 대전천서로 695,14.1,70960.0,1710000.0
128,C2258,대전광역시,중촌주공2단지,대전광역시 중구 대전천서로 695,19.31,287470.0,6270000.0
129,C2258,대전광역시,중촌주공2단지,대전광역시 중구 대전천서로 695,21.19,184478.22509809688,4895906.961219965
130,C2258,대전광역시,중촌주공2단지,대전광역시 중구 대전천서로 695,22.95,198438.92519483023,5167586.99292333
131,C2258,대전광역시,중촌주공2단지,대전광역시 중구 대전천서로 695,23.4,337500.0,12150000.0
132,C2258,대전광역시,중촌주공2단지,대전광역시 중구 대전천서로 695,27.23,134230.0,3230000.0
133,C2258,대전광역시,중촌주공2단지,대전광역시 중구 대전천서로 695,31.85,269035.64727490256,6541423.516877849
134,C2258,대전광역시,중촌주공2단지,대전광역시 중구 대전천서로 695,32.29,174700.0,4200000.0
135,C2258,대전광역시,중촌주공2단지,대전광역시 중구 대전천서로 695,35.13,173750.0,4180000.0
136,C2258,대전광역시,중촌주공2단지,대전광역시 중구 대전천서로 695,36.47,486060.0,10602000.0
137,C2258,대전광역시,중촌주공2단지,대전광역시 중구 대전천서로 695,50.08,413639.9442995898,9355472.936168958
138,C2258,대전광역시,중촌주공2단지,대전광역시 중구 대전천서로 695,240.22,1565700.0,37800000.0
139,C2038,대전광역시,대전판암3,대전광역시 동구 옥천로 152-9,19.0,75294.20151205854,2528093.55047474
140,C2038,대전광역시,대전판암3,대전광역시 동구 옥천로 152-9,14.1,47210.0,1898000.0
141,C2038,대전광역시,대전판암3,대전광역시 동구 옥천로 152-9,19.31,76597.93556167831,2565536.115281192
142,C2038,대전광역시,대전판암3,대전광역시 동구 옥천로 152-9,21.19,84504.45173356595,2792607.15346226
143,C2038,대전광역시,대전판암3,대전광역시 동구 옥천로 152-9,22.95,91906.29666043945,3005184.295589216
144,C2038,대전광역시,대전판암3,대전광역시 동구 옥천로 152-9,23.4,93798.81382924234,3059536.405792131
145,C2038,대전광역시,대전판암3,대전광역시 동구 옥천로 152-9,27.23,124700.0,3600000.0
146,C2038,대전광역시,대전판암3,대전광역시 동구 옥천로 152-9,31.85,129336.08066565216,4080148.252935759
147,C2038,대전광역시,대전판암3,대전광역시 동구 옥천로 152-9,32.29,145400.0,4200000.0
148,C2038,대전광역시,대전판암3,대전광역시 동구 옥천로 152-9,35.13,121600.0,4370000.0
149,C2038,대전광역시,대전판암3,대전광역시 동구 옥천로 152-9,36.47,148765.92359869517,4638163.25101902
150,C2038,대전광역시,대전판암3,대전광역시 동구 옥천로 152-9,50.08,206004.0539707114,6282012.628489408
151,C2038,대전광역시,대전판암3,대전광역시 동구 옥천로 152-9,240.22,0.0,0.0
152,C1859,대전광역시,대전판암4,대전광역시 동구 동부로 56-7,38.0,447189.6745027125,19579475.92676311
153,C1859,대전광역시,대전판암4,대전광역시 동구 동부로 56-7,31.84,104346.13019891408,24304672.129294798
154,C1859,대전광역시,대전판암4,대전광역시 동구 동부로 56-7,37.26,406003.92405063263,20147113.1329114
155,C1859,대전광역시,대전판암4,대전광역시 동구 동부로 56-7,37.41,356100.0,22625000.0
156,C1859,대전광역시,대전판암4,대전광역시 동구 동부로 56-7,37.49,479590.0,17265000.0
157,C1859,대전광역시,대전판암4,대전광역시 동구 동부로 56-7,37.95,444406.8535262204,19617829.792043395
158,C1859,대전광역시,대전판암4,대전광역시 동구 동부로 56-7,38.04,449415.9312839058,19548792.83453888
159,C1859,대전광역시,대전판암4,대전광역시 동구 동부로 56-7,39.33,518680.0,18672000.0
160,C1859,대전광역시,대전판암4,대전광역시 동구 동부로 56-7,54.51,1366077.1609403274,6915029.611211471
161,C1859,대전광역시,대전판암4,대전광역시 동구 동부로 56-7,54.6,1371086.238698013,6845992.653706945
162,C1859,대전광역시,대전판암4,대전광역시 동구 동부로 56-7,54.61,1371642.802893311,6838321.880650893
163,C1859,대전광역시,대전판암4,대전광역시 동구 동부로 56-7,75.98,894143.9860188445,39148646.86619634
164,C1859,대전광역시,대전판암4,대전광역시 동구 동부로 56-7,126.65,218930.0,7881000.0
165,C1859,대전광역시,대전판암4,대전광역시 동구 동부로 56-7,583.4,6865538.318549537,300596480.41246307
166,C1722,강원도,동해천곡 주공5차,강원도 동해시 동굴로 15,32.1,125400.0,4958000.0
167,C1722,강원도,동해천곡 주공5차,강원도 동해시 동굴로 15,72.16,285640.0,11201834.48275862
168,C2190,경상남도,중리주공1단지아파트,경상남도 창원시 마산회원구 내서읍 상곡로 49,16.0,102500.0,4680000.0
169,C2190,경상남도,중리주공1단지아파트,경상남도 창원시 마산회원구 내서읍 상곡로 49,14.17,90100.0,3940000.0
170,C2190,경상남도,중리주공1단지아파트,경상남도 창원시 마산회원구 내서읍 상곡로 49,18.9,126600.0,5530000.0
171,C2190,경상남도,중리주공1단지아파트,경상남도 창원시 마산회원구 내서읍 상곡로 49,20.52,179772.83757835548,7461416.238986071
172,C2190,경상남도,중리주공1단지아파트,경상남도 창원시 마산회원구 내서읍 상곡로 49,22.97,336000.0,14790000.0
173,C2190,경상남도,중리주공1단지아파트,경상남도 창원시 마산회원구 내서읍 상곡로 49,23.4,314300.0,13170000.0
174,C2190,경상남도,중리주공1단지아파트,경상남도 창원시 마산회원구 내서읍 상곡로 49,25.88,183400.0,6602000.0
175,C2190,경상남도,중리주공1단지아파트,경상남도 창원시 마산회원구 내서읍 상곡로 49,27.3,196500.0,7074000.0
176,C2190,경상남도,중리주공1단지아파트,경상남도 창원시 마산회원구 내서읍 상곡로 49,29.62,209600.0,7545000.0
177,C2190,경상남도,중리주공1단지아파트,경상남도 창원시 마산회원구 내서읍 상곡로 49,30.62,250820.46952722917,9569550.930689815
178,C2190,경상남도,중리주공1단지아파트,경상남도 창원시 마산회원구 내서읍 상곡로 49,35.91,288032.5460628273,10673712.56624554
179,C2190,경상남도,중리주공1단지아파트,경상남도 창원시 마산회원구 내서읍 상곡로 49,44.63,327600.0,11793000.0
180,C2190,경상남도,중리주공1단지아파트,경상남도 창원시 마산회원구 내서읍 상곡로 49,46.8,364637.36902552383,12946740.961557794
181,C1476,경상남도,밀양가곡1,경상남도 밀양시 중앙로 47,32.1,204800.0,8740000.0
182,C1476,경상남도,밀양가곡1,경상남도 밀양시 중앙로 47,72.16,183500.0,7570000.0
183,C1983,충청남도,명천주공2단지,충청남도 보령시 주공로 50,31.84,104700.0,4510000.0
184,C1983,충청남도,명천주공2단지,충청남도 보령시 주공로 50,63.68,157300.0,6255000.0
185,C1983,충청남도,명천주공2단지,충청남도 보령시 주공로 50,126.65,209900.0,8000000.0
186,C2135,부산광역시,부산금곡주공1단지,부산광역시 북구 효열로 268,14.1,199088.1866518304,3376359.527092338
187,C2135,부산광역시,부산금곡주공1단지,부산광역시 북구 효열로 268,18.98,189500.0,615000.0
188,C2135,부산광역시,부산금곡주공1단지,부산광역시 북구 효열로 268,19.36,182682.8872759668,5589035.101832189
189,C2135,부산광역시,부산금곡주공1단지,부산광역시 북구 효열로 268,21.46,176133.24303845468,6472422.688705512
190,C2135,부산광역시,부산금곡주공1단지,부산광역시 북구 효열로 268,22.83,97700.0,6150000.0
191,C2135,부산광역시,부산금곡주공1단지,부산광역시 북구 효열로 268,23.4,240500.0,15370000.0
192,C2135,부산광역시,부산금곡주공1단지,부산광역시 북구 효열로 268,27.55,157139.27474966965,9034246.690638153
193,C2135,부산광역시,부산금곡주공1단지,부산광역시 북구 효열로 268,29.17,152086.69205216033,9715717.114797575
194,C2135,부산광역시,부산금곡주공1단지,부산광역시 북구 효열로 268,31.92,143509.77697922784,10872534.192845976
195,C2135,부산광역시,부산금곡주공1단지,부산광역시 북구 효열로 268,32.6,139500.0,8790000.0
196,C2135,부산광역시,부산금곡주공1단지,부산광역시 북구 효열로 268,36.57,129006.99331045109,12828606.706636908
197,C2135,부산광역시,부산금곡주공1단지,부산광역시 북구 효열로 268,50.08,86870.94871579,18511733.51552196
198,C2135,부산광역시,부산금곡주공1단지,부산광역시 북구 효열로 268,240.22,0.0,0.0
199,C2034,부산광역시,부산금곡주공2단지,부산광역시 북구 금곡대로616번길 10-9,14.1,77500.0,5270000.0
200,C2034,부산광역시,부산금곡주공2단지,부산광역시 북구 금곡대로616번길 10-9,18.98,80000.0,4970000.0
201,C2034,부산광역시,부산금곡주공2단지,부산광역시 북구 금곡대로616번길 10-9,19.36,113131.08218346797,7982523.020251407
202,C2034,부산광역시,부산금곡주공2단지,부산광역시 북구 금곡대로616번길 10-9,21.46,117582.55060453936,8219789.1270650225
203,C2034,부산광역시,부산금곡주공2단지,부산광역시 북구 금곡대로616번길 10-9,22.83,64830.0,5340000.0
204,C2034,부산광역시,부산금곡주공2단지,부산광역시 북구 금곡대로616번길 10-9,23.4,121694.85952686248,8438977.816216648
205,C2034,부산광역시,부산금곡주공2단지,부산광역시 북구 금곡대로616번길 10-9,27.55,130491.80902564648,8907860.836824508
206,C2034,부산광역시,부산금곡주공2단지,부산광역시 북구 금곡대로616번길 10-9,29.17,144700.0,9840000.0
207,C2034,부산광역시,부산금곡주공2단지,부산광역시 북구 금곡대로616번길 10-9,31.92,139755.1028352094,9401600.306717604
208,C2034,부산광역시,부산금곡주공2단지,부산광역시 북구 금곡대로616번길 10-9,32.1,143900.0,9790000.0
209,C2034,부산광역시,부산금곡주공2단지,부산광역시 북구 금곡대로616번길 10-9,32.6,143900.0,9790000.0
210,C2034,부산광역시,부산금곡주공2단지,부산광역시 북구 금곡대로616번길 10-9,36.57,294600.0,20350000.0
211,C2034,부산광역시,부산금곡주공2단지,부산광역시 북구 금곡대로616번길 10-9,50.08,178249.70594314128,11453387.211353442
212,C2034,부산광역시,부산금곡주공2단지,부산광역시 북구 금곡대로616번길 10-9,72.26,175500.0,10230000.0
213,C2034,부산광역시,부산금곡주공2단지,부산광역시 북구 금곡대로616번길 10-9,240.22,0.0,0.0
214,C1775,제주특별자치도,제주아라주공아파트,제주특별자치도 제주시 인다12길 2,31.84,229800.0,91660000.0
215,C1775,제주특별자치도,제주아라주공아파트,제주특별자치도 제주시 인다12길 1,31.84,229800.0,91660000.0
216,C1775,제주특별자치도,제주아라주공아파트,제주특별자치도 제주시 인다12길 2,137.49,992311.6206,395801928.4
217,C1775,제주특별자치도,제주아라주공아파트,제주특별자치도 제주시 인다12길 1,137.49,992311.6206,395801928.4
218,C1790,경상남도,진주가좌주공아파트,경상남도 진주시 가호로 26,15.0,143392.05873099048,6002579.031758098
219,C1790,경상남도,진주가좌주공아파트,경상남도 진주시 가호로 26,19.15,157212.20408708046,6574183.415558427
220,C1790,경상남도,진주가좌주공아파트,경상남도 진주시 가호로 26,19.25,159500.0,6670000.0
221,C1790,경상남도,진주가좌주공아파트,경상남도 진주시 가호로 26,22.89,169666.98568509892,7089316.040959205
222,C1790,경상남도,진주가좌주공아파트,경상남도 진주시 가호로 26,23.25,170865.8416677959,7138900.999553933
223,C1790,경상남도,진주가좌주공아파트,경상남도 진주시 가호로 26,23.88,172963.83963751554,7225674.677094704
224,C1790,경상남도,진주가좌주공아파트,경상남도 진주시 가호로 26,23.91,173063.74430274032,7229806.756977599
225,C1790,경상남도,진주가좌주공아파트,경상남도 진주시 가호로 26,24.38,174628.91739126138,7294542.675142936
226,C1790,경상남도,진주가좌주공아파트,경상남도 진주시 가호로 26,27.5,185019.00257463503,7724278.9829639075
227,C1790,경상남도,진주가좌주공아파트,경상남도 진주시 가호로 26,27.75,143500.0,5980000.0
228,C1790,경상남도,진주가좌주공아파트,경상남도 진주시 가호로 26,28.19,146000.0,6080000.0
229,C1790,경상남도,진주가좌주공아파트,경상남도 진주시 가호로 26,28.88,275600.0,11530000.0
230,C1790,경상남도,진주가좌주공아파트,경상남도 진주시 가호로 26,42.35,230200.0,9590000.0
231,C1790,경상남도,진주가좌주공아파트,경상남도 진주시 가호로 26,55.17,277164.40546692663,11535433.994953088
232,C1790,경상남도,진주가좌주공아파트,경상남도 진주시 가호로 26,82.92,369576.2207998176,15357607.886629986
233,C1790,경상남도,진주가좌주공아파트,경상남도 진주시 가호로 26,248.56,0.0,0.0
234,C2109,경상남도,진주평거 주공2단지,경상남도 진주시 진양호로125번길 6,31.84,146400.0,5650000.0
235,C2109,경상남도,진주평거 주공2단지,경상남도 진주시 진양호로125번길 6,126.65,261250.0,8086000.0
236,C1698,경상남도,진해자은주공아파트,경상남도 창원시 진해구 진해대로901번길 11,32.1,157500.0,6620000.0
237,C1004,충청남도,주공6단지2차아파트,충청남도 천안시 서북구 쌍용대로 289-28,19.0,136200.86527534097,5731254.890438361
238,C1004,충청남도,주공6단지2차아파트,충청남도 천안시 서북구 쌍용대로 289-28,14.1,130572.38838928756,5206365.16428748
239,C1004,충청남도,주공6단지2차아파트,충청남도 천안시 서북구 쌍용대로 289-28,19.31,185530.0,4680000.0
240,C1004,충청남도,주공6단지2차아파트,충청남도 천안시 서북구 쌍용대로 289-28,21.19,156360.0,8890000.0
241,C1004,충청남도,주공6단지2차아파트,충청남도 천안시 서북구 쌍용대로 289-28,22.95,83400.0,3780000.0
242,C1004,충청남도,주공6단지2차아파트,충청남도 천안시 서북구 쌍용대로 289-28,23.4,141255.0077852664,6202584.440451398
243,C1004,충청남도,주공6단지2차아파트,충청남도 천안시 서북구 쌍용대로 289-28,27.23,145654.4091064061,6612855.38966729
244,C1004,충청남도,주공6단지2차아파트,충청남도 천안시 서북구 쌍용대로 289-28,31.85,150961.25874182786,7107751.417180979
245,C1004,충청남도,주공6단지2차아파트,충청남도 천안시 서북구 쌍용대로 289-28,32.29,151466.6729928204,7154884.372182283
246,C1004,충청남도,주공6단지2차아파트,충청남도 천안시 서북구 쌍용대로 289-28,35.13,90050.0,5250000.0
247,C1004,충청남도,주공6단지2차아파트,충청남도 천안시 서북구 쌍용대로 289-28,36.47,193440.0,11007000.0
248,C1004,충청남도,주공6단지2차아파트,충청남도 천안시 서북구 쌍용대로 289-28,50.08,190130.0,8400000.0
249,C1004,충청남도,주공6단지2차아파트,충청남도 천안시 서북구 쌍용대로 289-28,240.22,0.0,0.0
250,C1875,충청남도,쌍용주공7단지1차아파트,충청남도 천안시 서북구 쌍용11길 57,14.1,63450.0,2619000.0
251,C1875,충청남도,쌍용주공7단지1차아파트,충청남도 천안시 서북구 쌍용11길 57,18.98,143670.0,5172000.0
252,C1875,충청남도,쌍용주공7단지1차아파트,충청남도 천안시 서북구 쌍용11길 57,19.36,135137.7158482738,5349831.307820647
253,C1875,충청남도,쌍용주공7단지1차아파트,충청남도 천안시 서북구 쌍용11길 57,21.46,145068.40558641858,5776367.608594128
254,C1875,충청남도,쌍용주공7단지1차아파트,충청남도 천안시 서북구 쌍용11길 57,22.83,130000.0,5380000.0
255,C1875,충청남도,쌍용주공7단지1차아파트,충청남도 천안시 서북구 쌍용11길 57,23.4,271600.0,11140000.0
256,C1875,충청남도,쌍용주공7단지1차아파트,충청남도 천안시 서북구 쌍용11길 57,27.55,173867.4058270384,7013322.880837223
257,C1875,충청남도,쌍용주공7단지1차아파트,충청남도 천안시 서북구 쌍용11길 57,29.17,152600.0,5910000.0
258,C1875,충청남도,쌍용주공7단지1차아파트,충청남도 천안시 서북구 쌍용11길 57,31.92,194532.6982821301,7900924.611494419
259,C1875,충청남도,쌍용주공7단지1차아파트,충청남도 천안시 서북구 쌍용11길 57,32.6,164800.0,6820000.0
260,C1875,충청남도,쌍용주공7단지1차아파트,충청남도 천안시 서북구 쌍용11길 57,36.57,216522.08270230785,8845397.848921413
261,C1875,충청남도,쌍용주공7단지1차아파트,충청남도 천안시 서북구 쌍용11길 57,50.08,282960.0,11709000.0
262,C1875,충청남도,쌍용주공7단지1차아파트,충청남도 천안시 서북구 쌍용11길 57,240.22,0.0,0.0
263,C2212,강원도,석사주공3단지아파트,강원도 춘천시 후석로228번길 47,31.84,132000.0,5120000.0
264,C2212,강원도,석사주공3단지아파트,강원도 춘천시 후석로228번길 47,63.68,264000.0,10240000.0
265,C2212,강원도,석사주공3단지아파트,강원도 춘천시 후석로228번길 47,137.49,569996.2312,22108944.72
266,C2571,경상남도,통영도남주공아파트,경상남도 통영시 발개로 153,31.84,71900.0,5580000.0
267,C2571,경상남도,통영도남주공아파트,경상남도 통영시 발개로 153,126.65,285996.7023,22195571.61
268,C1109,부산광역시,부산금곡주공4단지,부산광역시 북구 효열로 76,26.37,227800.0,16796200.0
269,C1109,부산광역시,부산금곡주공4단지,부산광역시 북구 효열로 76,31.32,270600.0,19949000.0
