관리건축물대장PK,건물명,대지면적,건축면적,연면적,용적률산정연면적,용적률,세대수_x,가구수,도로명주소,지번주소,juso,행정동코드,시도명,시군구명,읍면동명,법정동코드,동리명,생성일자,행정기관_x,총인구수_x,세대당 인구,남자 인구수,여자 인구수,남여 비율,총연령구간인구수,총0~9세,총10~19세,총20~29세,총30~39세,총40~49세,총50~59세,총60~69세,총70~79세,총80~89세,총90~99세,총100세이상,남 인구수,남연령구간인구수,남0~9세,남10~19세,남20~29세,남30~39세,남40~49세,남50~59세,남60~69세,남70~79세,남80~89세,남90~99세,남100세 이상,여 인구수,여연령구간인구수,여0~9세,여10~19세,여20~29세,여30~39세,여40~49세,여50~59세,여60~69세,여70~79세,여80~89세,여90~99세,여100세 이상
41210-100196153,광명역세권 휴먼시아,0.0,13.32,13.32,13.32,0.0,0.0,0.0,경기도 광명시 서원로 25,경기도 광명시 소하동 1391,경기도광명시소하동,4121064000,경기도,광명시,소하1동,4121010400,소하동,19880423,경기도광명시소하1동,"31,847",2.7,"15,535","16,312",0.95,"31,847","2,908","4,266","3,715","3,884","6,079","4,920","3,741","1,592",632,108,2,"15,535","15,535","1,480","2,191","1,917","1,835","2,927","2,444","1,790",736,193,22,0.0,"16,312","16,312","1,428","2,075","1,798","2,049","3,152","2,476","1,951",856,439,86,2
41210-100196153,광명역세권 휴먼시아,0.0,13.32,13.32,13.32,0.0,0.0,0.0,경기도 광명시 서원로 25,경기도 광명시 소하동 1391,경기도광명시소하동,4121065000,경기도,광명시,소하2동,4121010400,소하동,19880423,경기도광명시소하2동,"50,783",2.46,"25,530","25,253",1.01,"50,783","4,615","4,992","6,945","8,142","8,724","8,118","5,711","2,436",950,145,5,"25,530","25,530","2,376","2,559","3,623","4,135","4,450","4,140","2,763","1,130",319,33,2.0,"25,253","25,253","2,239","2,433","3,322","4,007","4,274","3,978","2,948","1,306",631,112,3
41210-100193203,광명역세권 휴먼시아,0.0,456.86,3773.77,3723.44,0.0,64.0,0.0,경기도 광명시 성채안로 26,경기도 광명시 소하동 1373,경기도광명시소하동,4121064000,경기도,광명시,소하1동,4121010400,소하동,19880423,경기도광명시소하1동,"31,847",2.7,"15,535","16,312",0.95,"31,847","2,908","4,266","3,715","3,884","6,079","4,920","3,741","1,592",632,108,2,"15,535","15,535","1,480","2,191","1,917","1,835","2,927","2,444","1,790",736,193,22,0.0,"16,312","16,312","1,428","2,075","1,798","2,049","3,152","2,476","1,951",856,439,86,2
41210-100193203,광명역세권 휴먼시아,0.0,456.86,3773.77,3723.44,0.0,64.0,0.0,경기도 광명시 성채안로 26,경기도 광명시 소하동 1373,경기도광명시소하동,4121065000,경기도,광명시,소하2동,4121010400,소하동,19880423,경기도광명시소하2동,"50,783",2.46,"25,530","25,253",1.01,"50,783","4,615","4,992","6,945","8,142","8,724","8,118","5,711","2,436",950,145,5,"25,530","25,530","2,376","2,559","3,623","4,135","4,450","4,140","2,763","1,130",319,33,2.0,"25,253","25,253","2,239","2,433","3,322","4,007","4,274","3,978","2,948","1,306",631,112,3
26260-100181523,부산안락4 휴먼시아,0.0,487.06,6035.78,5996.34,0.0,105.0,0.0,부산광역시 동래구 충렬대로447번길 38,부산광역시 동래구 안락동 1256,부산광역시동래구안락동,2626074000,부산광역시,동래구,안락제1동,2626010200,안락동,19950101,부산광역시동래구안락제1동,"14,759",2.14,"7,266","7,493",0.97,"14,759",787,959,"1,674","1,673","2,001","2,504","2,904","1,606",576,69,6,"7,266","7,266",425,509,883,888,"1,031","1,208","1,334",747,227,12,2.0,"7,493","7,493",362,450,791,785,970,"1,296","1,570",859,349,57,4
26260-100181523,부산안락4 휴먼시아,0.0,487.06,6035.78,5996.34,0.0,105.0,0.0,부산광역시 동래구 충렬대로447번길 38,부산광역시 동래구 안락동 1256,부산광역시동래구안락동,2626075000,부산광역시,동래구,안락제2동,2626010200,안락동,19950101,부산광역시동래구안락제2동,"27,434",2.47,"13,366","14,068",0.95,"27,434","1,815","2,794","3,112","3,025","4,305","4,725","4,545","2,207",801,98,7,"13,366","13,366",926,"1,460","1,693","1,524","2,065","2,211","2,117","1,055",289,26,0.0,"14,068","14,068",889,"1,334","1,419","1,501","2,240","2,514","2,428","1,152",512,72,7
45140-100188059,장신휴먼시아3단지,0.0,503.13,6006.87,5953.78,0.0,84.0,0.0,전라북도 익산시 오산면 선화로4길 14,전라북도 익산시 오산면 장신리 1126,전라북도익산시오산면장신리,4514031000,전라북도,익산시,오산면,4514031022,장신리,19950510,전라북도익산시오산면,"7,783",2.0,"3,852","3,931",0.98,"7,783",512,600,670,729,"1,023","1,310","1,483",870,497,87,2,"3,852","3,852",258,296,363,396,545,676,733,391,173,19,2.0,"3,931","3,931",254,304,307,333,478,634,750,479,324,68,0
41135-100221777,봇들마을,0.0,237.054,361.789,361.789,0.0,0.0,0.0,경기도 성남시 분당구 동판교로 212,경기도 성남시 분당구 삼평동 728,경기도성남시분당구삼평동,4113561000,경기도,성남시 분당구,이매2동,4113510900,삼평동,20010101,경기도성남시분당구이매2동,"13,473",3.01,"6,592","6,881",0.96,"13,473",968,"1,802","1,767","1,299","2,284","2,412","1,677",784,400,79,1,"6,592","6,592",501,965,912,591,"1,005","1,188",863,378,169,19,1.0,"6,881","6,881",467,837,855,708,"1,279","1,224",814,406,231,60,0
41135-100221777,봇들마을,0.0,237.054,361.789,361.789,0.0,0.0,0.0,경기도 성남시 분당구 동판교로 212,경기도 성남시 분당구 삼평동 728,경기도성남시분당구삼평동,4113565500,경기도,성남시 분당구,삼평동,4113510900,삼평동,20081222,경기도성남시분당구삼평동,"24,746",2.71,"12,056","12,690",0.95,"24,746","2,612","3,049","3,039","3,548","4,598","4,000","2,427",968,423,79,3,"12,056","12,056","1,361","1,536","1,525","1,608","2,234","2,007","1,158",450,159,17,1.0,"12,690","12,690","1,251","1,513","1,514","1,940","2,364","1,993","1,269",518,264,62,2
41135-100221066,백현마을,0.0,14.159,14.159,14.159,0.0,0.0,0.0,경기도 성남시 분당구 동판교로 91,경기도 성남시 분당구 백현동 553,경기도성남시분당구백현동,4113561000,경기도,성남시 분당구,이매2동,4113511000,백현동,20010101,경기도성남시분당구이매2동,"13,473",3.01,"6,592","6,881",0.96,"13,473",968,"1,802","1,767","1,299","2,284","2,412","1,677",784,400,79,1,"6,592","6,592",501,965,912,591,"1,005","1,188",863,378,169,19,1.0,"6,881","6,881",467,837,855,708,"1,279","1,224",814,406,231,60,0
41135-100221066,백현마을,0.0,14.159,14.159,14.159,0.0,0.0,0.0,경기도 성남시 분당구 동판교로 91,경기도 성남시 분당구 백현동 553,경기도성남시분당구백현동,4113565000,경기도,성남시 분당구,판교동,4113511000,백현동,20091224,경기도성남시분당구판교동,"23,981",2.99,"11,801","12,180",0.97,"23,981","2,906","3,422","2,366","3,078","5,251","3,563","2,083",877,377,56,2,"11,801","11,801","1,509","1,779","1,177","1,353","2,477","1,875","1,034",420,165,11,1.0,"12,180","12,180","1,397","1,643","1,189","1,725","2,774","1,688","1,049",457,212,45,1
41135-100221066,백현마을,0.0,14.159,14.159,14.159,0.0,0.0,0.0,경기도 성남시 분당구 동판교로 91,경기도 성남시 분당구 백현동 553,경기도성남시분당구백현동,4113565700,경기도,성남시 분당구,백현동,4113511000,백현동,20091005,경기도성남시분당구백현동,"27,435",2.68,"13,233","14,202",0.93,"27,435","2,762","3,060","3,781","3,668","4,660","4,803","2,938","1,206",475,81,1,"13,233","13,233","1,421","1,589","1,884","1,691","2,197","2,282","1,426",566,155,22,0.0,"14,202","14,202","1,341","1,471","1,897","1,977","2,463","2,521","1,512",640,320,59,1
45130-100198862,군산미장휴먼시아,0.0,588.9780000000001,5712.5740000000005,5712.5740000000005,0.0,74.0,0.0,전라북도 군산시 경포천로 34,전라북도 군산시 미장동 476,전라북도군산시미장동,4513069000,전라북도,군산시,수송동,4513014200,미장동,19880423,전라북도군산시수송동,"55,531",2.64,"27,721","27,810",1.0,"55,531","6,531","7,730","6,631","7,385","11,006","8,177","4,753","2,283",894,136,5,"27,721","27,721","3,333","3,999","3,525","3,523","5,405","4,243","2,352","1,014",299,27,1.0,"27,810","27,810","3,198","3,731","3,106","3,862","5,601","3,934","2,401","1,269",595,109,4
45210-100188358,김제교동휴먼시아,0.0,441.14,4541.27,4541.27,0.0,58.0,0.0,전라북도 김제시 교정길 36,전라북도 김제시 교동 399,전라북도김제시교동,4521058000,전라북도,김제시,교월동,4521010900,교동,20111226,전라북도김제시교월동,"6,494",2.03,"3,252","3,242",1.0,"6,494",433,499,573,609,756,"1,042","1,105",857,531,82,7,"3,252","3,252",234,251,323,304,427,582,563,384,176,8,0.0,"3,242","3,242",199,248,250,305,329,460,542,473,355,74,7
48310-100185638,일운주공아파트,0.0,632.363,5196.447,5196.447,0.0,72.0,0.0,경상남도 거제시 일운면 거제대로 2591,경상남도 거제시 일운면 소동리 341,경상남도거제시일운면소동리,4831031000,경상남도,거제시,일운면,4831031025,소동리,19950101,경상남도거제시일운면,"8,014",2.05,"4,097","3,917",1.05,"8,014",549,627,657,830,"1,243","1,602","1,479",630,339,57,1,"4,097","4,097",279,331,382,424,657,849,767,295,105,7,1.0,"3,917","3,917",270,296,275,406,586,753,712,335,234,50,0
48840-100177986,평리휴먼시아아파트,0.0,524.3340000000001,7014.963000000001,6975.519,0.0,90.0,0.0,경상남도 남해군 남해읍 스포츠로 20,경상남도 남해군 남해읍 평리 1700,경상남도남해군남해읍평리,4884025000,경상남도,남해군,남해읍,4884025029,평리,19880423,경상남도남해군남해읍,"13,170",2.1,"6,447","6,723",0.96,"13,170",835,"1,406","1,538","1,105","1,918","2,201","2,018","1,224",790,134,1,"6,447","6,447",411,747,922,546,917,"1,125",963,540,258,18,0.0,"6,723","6,723",424,659,616,559,"1,001","1,076","1,055",684,532,116,1
44230-100186739,휴먼시아아파트,0.0,525.485,6066.181,6066.181,0.0,78.0,0.0,충청남도 논산시 대화로 143,충청남도 논산시 대교동 330,충청남도논산시대교동,4423052000,충청남도,논산시,부창동,4423010300,대교동,19960301,충청남도논산시부창동,"16,173",2.22,"7,849","8,324",0.94,"16,173","1,219","1,812","1,771","1,529","2,527","2,844","2,384","1,293",704,88,2,"7,849","7,849",610,924,992,744,"1,248","1,434","1,110",537,233,16,1.0,"8,324","8,324",609,888,779,785,"1,279","1,410","1,274",756,471,72,1
30170-24137,주공아파트,0.0,102.65,102.65,102.65,0.0,0.0,0.0,대전광역시 서구 월평북로 11,대전광역시 서구 월평동 218,대전광역시서구월평동,3017058600,대전광역시,서구,월평1동,3017011300,월평동,19950101,대전광역시서구월평1동,"11,231",1.57,"5,998","5,233",1.15,"11,231",374,544,"2,875","1,866","1,514","1,889","1,349",557,226,35,2,"5,998","5,998",194,287,"1,542","1,122",857,975,670,265,79,6,1.0,"5,233","5,233",180,257,"1,333",744,657,914,679,292,147,29,1
30170-24137,주공아파트,0.0,102.65,102.65,102.65,0.0,0.0,0.0,대전광역시 서구 월평북로 11,대전광역시 서구 월평동 218,대전광역시서구월평동,3017058700,대전광역시,서구,월평2동,3017011300,월평동,19950101,대전광역시서구월평2동,"15,029",2.06,"7,146","7,883",0.91,"15,029",775,"1,283","1,888","1,538","1,941","2,805","2,616","1,287",763,131,2,"7,146","7,146",378,660,"1,019",789,907,"1,314","1,291",544,212,31,1.0,"7,883","7,883",397,623,869,749,"1,034","1,491","1,325",743,551,100,1
30170-24137,주공아파트,0.0,102.65,102.65,102.65,0.0,0.0,0.0,대전광역시 서구 월평북로 11,대전광역시 서구 월평동 218,대전광역시서구월평동,3017058800,대전광역시,서구,월평3동,3017011300,월평동,19980101,대전광역시서구월평3동,"21,516",2.81,"10,574","10,942",0.97,"21,516","1,765","2,663","2,713","2,624","3,384","3,886","3,018",938,450,74,1,"10,574","10,574",906,"1,439","1,495","1,265","1,543","1,786","1,531",438,154,17,0.0,"10,942","10,942",859,"1,224","1,218","1,359","1,841","2,100","1,487",500,296,57,1
30110-100171451,주공삼성타운아파트,0.0,425.74,8170.876,8170.876,0.0,104.0,0.0,대전광역시 동구 우암로 133,대전광역시 동구 삼성동 482,대전광역시동구삼성동,3011069500,대전광역시,동구,삼성동,3011011800,삼성동,20080901,대전광역시동구삼성동,"14,259",2.14,"7,247","7,012",1.03,"14,259",770,"1,228","1,524","1,380","2,131","2,501","2,450","1,508",684,82,1,"7,247","7,247",376,648,847,747,"1,123","1,321","1,200",693,265,26,1.0,"7,012","7,012",394,580,677,633,"1,008","1,180","1,250",815,419,56,0
26230-42872,백양뜨란채,0.0,379.36400000000003,802.913,732.3580000000001,0.0,0.0,0.0,부산광역시 부산진구 백양산로53번길 125,부산광역시 부산진구 당감동 797,부산광역시부산진구당감동,2623067000,부산광역시,부산진구,당감제1동,2623010900,당감동,19950101,부산광역시부산진구당감제1동,"23,337",2.25,"11,148","12,189",0.91,"23,337","1,143","1,890","2,879","2,312","3,336","4,296","4,197","2,159",986,137,2,"11,148","11,148",553,966,"1,559","1,194","1,632","2,014","1,972",915,322,21,0.0,"12,189","12,189",590,924,"1,320","1,118","1,704","2,282","2,225","1,244",664,116,2
26230-42872,백양뜨란채,0.0,379.36400000000003,802.913,732.3580000000001,0.0,0.0,0.0,부산광역시 부산진구 백양산로53번길 125,부산광역시 부산진구 당감동 797,부산광역시부산진구당감동,2623068000,부산광역시,부산진구,당감제2동,2623010900,당감동,19950101,부산광역시부산진구당감제2동,"10,312",2.22,"4,942","5,370",0.92,"10,312",741,691,"1,320","1,641","1,468","1,459","1,657",925,376,34,0,"4,942","4,942",379,351,639,826,743,694,739,409,156,6,0.0,"5,370","5,370",362,340,681,815,725,765,918,516,220,28,0
26230-42872,백양뜨란채,0.0,379.36400000000003,802.913,732.3580000000001,0.0,0.0,0.0,부산광역시 부산진구 백양산로53번길 125,부산광역시 부산진구 당감동 797,부산광역시부산진구당감동,2623070000,부산광역시,부산진구,당감제4동,2623010900,당감동,19950101,부산광역시부산진구당감제4동,"11,427",2.23,"5,598","5,829",0.96,"11,427",655,885,"1,250","1,270","1,697","2,175","1,964","1,060",425,46,0,"5,598","5,598",343,431,680,663,867,"1,058",947,458,144,7,0.0,"5,829","5,829",312,454,570,607,830,"1,117","1,017",602,281,39,0
26530-5972,모라주공영구임대아파트,0.0,6.83,6.83,6.83,0.0,0.0,0.0,부산광역시 사상구 모라로192번길 20-21,부산광역시 사상구 모라동 75,부산광역시사상구모라동,2653059100,부산광역시,사상구,모라제1동,2653010200,모라동,19950301,부산광역시사상구모라제1동,"28,296",2.28,"14,153","14,143",1.0,"28,296","1,532","1,988","3,627","3,301","3,746","5,397","5,392","2,386",819,91,17,"14,153","14,153",763,"1,035","1,954","1,789","1,932","2,624","2,608","1,138",291,19,0.0,"14,143","14,143",769,953,"1,673","1,512","1,814","2,773","2,784","1,248",528,72,17
26530-5972,모라주공영구임대아파트,0.0,6.83,6.83,6.83,0.0,0.0,0.0,부산광역시 사상구 모라로192번길 20-21,부산광역시 사상구 모라동 75,부산광역시사상구모라동,2653059300,부산광역시,사상구,모라제3동,2653010200,모라동,19950301,부산광역시사상구모라제3동,"10,724",1.57,"5,123","5,601",0.91,"10,724",257,431,823,742,"1,251","2,099","2,570","1,703",770,74,4,"5,123","5,123",131,224,487,403,759,"1,100","1,183",624,200,12,0.0,"5,601","5,601",126,207,336,339,492,999,"1,387","1,079",570,62,4
26350-23854,해운대주공아파트,0.0,121.134,293.028,242.268,0.0,0.0,0.0,부산광역시 해운대구 대천로67번길 4,부산광역시 해운대구 좌동 1276,부산광역시해운대구좌동,2635055100,부산광역시,해운대구,좌제1동,2635010700,좌동,20031231,부산광역시해운대구좌제1동,"18,206",2.35,"8,502","9,704",0.88,"18,206","1,226","1,988","2,792","2,077","3,191","3,194","1,912","1,101",645,77,3,"8,502","8,502",618,"1,050","1,311",968,"1,386","1,564",904,444,224,32,1.0,"9,704","9,704",608,938,"1,481","1,109","1,805","1,630","1,008",657,421,45,2
26350-23854,해운대주공아파트,0.0,121.134,293.028,242.268,0.0,0.0,0.0,부산광역시 해운대구 대천로67번길 4,부산광역시 해운대구 좌동 1276,부산광역시해운대구좌동,2635055200,부산광역시,해운대구,좌제2동,2635010700,좌동,20031231,부산광역시해운대구좌제2동,"32,162",2.29,"14,821","17,341",0.85,"32,162","2,015","2,830","5,060","4,477","4,936","5,704","3,985","1,967","1,051",135,2,"14,821","14,821","1,053","1,436","2,364","2,141","2,179","2,538","1,887",802,384,36,1.0,"17,341","17,341",962,"1,394","2,696","2,336","2,757","3,166","2,098","1,165",667,99,1
26350-23854,해운대주공아파트,0.0,121.134,293.028,242.268,0.0,0.0,0.0,부산광역시 해운대구 대천로67번길 4,부산광역시 해운대구 좌동 1276,부산광역시해운대구좌동,2635055300,부산광역시,해운대구,좌제3동,2635010700,좌동,20031231,부산광역시해운대구좌제3동,"16,228",2.52,"7,619","8,609",0.89,"16,228","1,055","1,787","1,921","1,628","2,519","2,942","2,315","1,212",744,104,1,"7,619","7,619",533,930,"1,036",780,"1,107","1,357","1,088",492,267,29,0.0,"8,609","8,609",522,857,885,848,"1,412","1,585","1,227",720,477,75,1
26350-23854,해운대주공아파트,0.0,121.134,293.028,242.268,0.0,0.0,0.0,부산광역시 해운대구 대천로67번길 4,부산광역시 해운대구 좌동 1276,부산광역시해운대구좌동,2635055400,부산광역시,해운대구,좌제4동,2635010700,좌동,20031231,부산광역시해운대구좌제4동,"23,306",2.7,"11,074","12,232",0.91,"23,306","1,724","2,944","2,923","2,421","3,991","4,290","2,788","1,364",764,95,2,"11,074","11,074",906,"1,497","1,534","1,147","1,732","2,038","1,357",566,275,21,1.0,"12,232","12,232",818,"1,447","1,389","1,274","2,259","2,252","1,431",798,489,74,1
50130-100183064,동홍6주공아파트,0.0,452.592,2730.76,2730.76,0.0,49.0,0.0,제주특별자치도 서귀포시 중앙로 198-9,제주특별자치도 서귀포시 동홍동 1312,제주특별자치도서귀포시동홍동,5013051000,제주특별자치도,서귀포시,송산동,5013010500,동홍동,20060701,제주특별자치도서귀포시송산동,"4,044",2.06,"2,141","1,903",1.13,"4,044",223,321,423,354,581,747,667,480,216,28,4,"2,141","2,141",124,177,234,193,347,417,341,228,75,4,1.0,"1,903","1,903",99,144,189,161,234,330,326,252,141,24,3
50130-100183064,동홍6주공아파트,0.0,452.592,2730.76,2730.76,0.0,49.0,0.0,제주특별자치도 서귀포시 중앙로 198-9,제주특별자치도 서귀포시 동홍동 1312,제주특별자치도서귀포시동홍동,5013057000,제주특별자치도,서귀포시,동홍동,5013010500,동홍동,20060701,제주특별자치도서귀포시동홍동,"23,205",2.44,"11,316","11,889",0.95,"23,205","2,029","3,129","2,813","2,406","3,908","4,007","2,769","1,447",608,86,3,"11,316","11,316","1,007","1,606","1,484","1,181","1,922","1,996","1,258",631,211,20,0.0,"11,889","11,889","1,022","1,523","1,329","1,225","1,986","2,011","1,511",816,397,66,3
42210-100174540,속초청대주공아파트,0.0,429.454,4961.234,4908.241,0.0,65.0,0.0,강원도 속초시 소평로 112,강원도 속초시 조양동 1567,강원도속초시조양동,4221058000,강원도,속초시,조양동,4221010800,조양동,19880423,강원도속초시조양동,"29,148",2.25,"14,243","14,905",0.96,"29,148","2,869","2,951","3,406","3,952","4,929","4,909","3,547","1,699",759,122,5,"14,243","14,243","1,451","1,524","1,865","2,030","2,398","2,340","1,630",712,264,27,2.0,"14,905","14,905","1,418","1,427","1,541","1,922","2,531","2,569","1,917",987,495,95,3
42210-100174540,속초청대주공아파트,0.0,429.454,4961.234,4908.241,0.0,65.0,0.0,강원도 속초시 소평로 112,강원도 속초시 조양동 1567,강원도속초시조양동,4221059000,강원도,속초시,청호동,4221010800,조양동,19981017,강원도속초시청호동,"4,722",1.83,"2,380","2,342",1.02,"4,722",273,257,404,532,572,897,939,497,282,65,4,"2,380","2,380",147,127,233,296,309,488,475,197,91,15,2.0,"2,342","2,342",126,130,171,236,263,409,464,300,191,50,2
44200-8140,주공아파트 사회복지관,26267.0,909.12,2997.68,2049.68,7.8032512,0.0,0.0,충청남도 아산시 외암로 1420,충청남도 아산시 읍내동 206,충청남도아산시읍내동,4420062000,충청남도,아산시,온양6동,4420011000,읍내동,20030901,충청남도아산시온양6동,"28,984",2.37,"14,387","14,597",0.99,"28,984","3,165","3,561","2,891","4,011","5,653","4,355","2,897","1,515",846,88,2,"14,387","14,387","1,594","1,789","1,518","1,984","2,872","2,324","1,406",610,267,22,1.0,"14,597","14,597","1,571","1,772","1,373","2,027","2,781","2,031","1,491",905,579,66,1
48330-100199657,양산대석휴먼시아,0.0,694.074,8694.222,8545.179,0.0,126.0,0.0,경상남도 양산시 상북면 양산대로 1360,경상남도 양산시 상북면 대석리 808,경상남도양산시상북면대석리,4833033000,경상남도,양산시,상북면,4833033022,대석리,19960301,경상남도양산시상북면,"12,753",2.01,"6,503","6,250",1.04,"12,753",509,815,"1,263","1,062","1,586","2,672","2,713","1,387",643,99,4,"6,503","6,503",259,407,749,617,837,"1,392","1,395",601,222,24,0.0,"6,250","6,250",250,408,514,445,749,"1,280","1,318",786,421,75,4
31140-6835,달동(2)주공아파트 근로복지관,0.0,278.0,1199.25,556.0,0.0,0.0,0.0,울산광역시 남구 번영로107번길 5,울산광역시 남구 달동 119-1,울산광역시남구달동,3114056000,울산광역시,남구,달동,3114010500,달동,19970715,울산광역시남구달동,"27,181",2.0,"13,753","13,428",1.02,"27,181","1,583","2,013","4,149","3,846","4,090","5,220","4,082","1,499",635,61,3,"13,753","13,753",817,"1,090","2,282","2,116","2,073","2,500","1,973",683,207,12,0.0,"13,428","13,428",766,923,"1,867","1,730","2,017","2,720","2,109",816,428,49,3
31140-6835,달동(2)주공아파트 근로복지관,0.0,278.0,1199.25,556.0,0.0,0.0,0.0,울산광역시 남구 번영로107번길 5,울산광역시 남구 달동 119-1,울산광역시남구달동,3114057000,울산광역시,남구,삼산동,3114010500,달동,19970715,울산광역시남구삼산동,"48,852",2.11,"25,360","23,492",1.08,"48,852","3,419","4,301","7,862","7,654","8,332","9,347","5,595","1,748",519,75,0,"25,360","25,360","1,734","2,269","4,329","4,217","4,100","4,715","2,879",925,177,15,0.0,"23,492","23,492","1,685","2,032","3,533","3,437","4,232","4,632","2,716",823,342,60,0
,,,,,,,,,울산광역시 북구 명촌로 94,울산광역시 북구 명촌동 758-5,울산광역시북구명촌동,3120056000,울산광역시,북구,효문동,3120012000,명촌동,19981001,울산광역시북구효문동,"29,646",2.29,"15,892","13,754",1.16,"29,646","2,690","2,146","4,499","4,917","4,301","6,256","3,378",988,402,67,2,"15,892","15,892","1,413","1,124","2,610","2,822","2,301","3,184","1,821",484,124,8,1.0,"13,754","13,754","1,277","1,022","1,889","2,095","2,000","3,072","1,557",504,278,59,1
31200-3545,호계1단지주공아파트,0.0,344.84,838.949,626.999,0.0,0.0,0.0,울산광역시 북구 동대12길 30,울산광역시 북구 호계동 264,울산광역시북구호계동,3120051000,울산광역시,북구,농소1동,3120010200,호계동,19970715,울산광역시북구농소1동,"37,059",2.58,"18,949","18,110",1.05,"37,059","4,511","3,969","4,087","5,647","6,696","6,138","3,849","1,532",542,84,4,"18,949","18,949","2,319","2,016","2,299","2,834","3,499","3,093","2,025",690,159,15,0.0,"18,110","18,110","2,192","1,953","1,788","2,813","3,197","3,045","1,824",842,383,69,4
31200-3527,호계2단지주공아파트,0.0,344.84,838.949,626.999,0.0,0.0,0.0,울산광역시 북구 동대11길 36,울산광역시 북구 호계동 263-1,울산광역시북구호계동,3120051000,울산광역시,북구,농소1동,3120010200,호계동,19970715,울산광역시북구농소1동,"37,059",2.58,"18,949","18,110",1.05,"37,059","4,511","3,969","4,087","5,647","6,696","6,138","3,849","1,532",542,84,4,"18,949","18,949","2,319","2,016","2,299","2,834","3,499","3,093","2,025",690,159,15,0.0,"18,110","18,110","2,192","1,953","1,788","2,813","3,197","3,045","1,824",842,383,69,4
31200-100181261,화봉1주공아파트,0.0,472.235,4984.625,4970.241,0.0,66.0,0.0,울산광역시 북구 화산로 33,울산광역시 북구 화봉동 1338,울산광역시북구화봉동,3120057000,울산광역시,북구,송정동,3120012500,화봉동,19970715,울산광역시북구송정동,"36,060",2.66,"18,400","17,660",1.04,"36,060","4,364","3,629","4,913","6,143","5,913","6,632","3,025",966,409,66,0,"18,400","18,400","2,274","1,869","2,718","3,103","2,907","3,308","1,623",481,108,9,0.0,"17,660","17,660","2,090","1,760","2,195","3,040","3,006","3,324","1,402",485,301,57,0
31170-6833,화정주공임대아파트,0.0,24.0,24.0,24.0,0.0,0.0,0.0,울산광역시 동구 월봉10길 16,울산광역시 동구 화정동 862-2,울산광역시동구화정동,3117053000,울산광역시,동구,화정동,3117010200,화정동,19970715,울산광역시동구화정동,"19,722",2.37,"10,160","9,562",1.06,"19,722","2,122","1,929","1,969","2,823","3,240","3,144","2,905","1,119",420,50,1,"10,160","10,160","1,076","1,022","1,088","1,434","1,792","1,593","1,461",557,125,12,0.0,"9,562","9,562","1,046",907,881,"1,389","1,448","1,551","1,444",562,295,38,1
31170-6833,화정주공임대아파트,0.0,24.0,24.0,24.0,0.0,0.0,0.0,울산광역시 동구 월봉10길 16,울산광역시 동구 화정동 862-2,울산광역시동구화정동,3117054000,울산광역시,동구,대송동,3117010200,화정동,19970715,울산광역시동구대송동,"11,688",2.3,"6,122","5,566",1.1,"11,688",891,"1,173","1,494","1,473","1,961","2,218","1,745",537,173,21,2,"6,122","6,122",457,630,828,827,"1,013","1,133",893,275,65,1,0.0,"5,566","5,566",434,543,666,646,948,"1,085",852,262,108,20,2
42130-10082,명륜2단지아파트,0.0,524.98,1520.92,1177.86,184.9,0.0,0.0,강원도 원주시 예술관길 31,강원도 원주시 명륜동 705,강원도원주시명륜동,4213054100,강원도,원주시,명륜1동,4213010600,명륜동,19950301,강원도원주시명륜1동,"8,501",2.27,"4,097","4,404",0.93,"8,501",397,737,"1,110",774,"1,114","1,683","1,479",748,403,55,1,"4,097","4,097",187,364,618,394,518,809,715,331,149,12,0.0,"4,404","4,404",210,373,492,380,596,874,764,417,254,43,1
42130-10082,명륜2단지아파트,0.0,524.98,1520.92,1177.86,184.9,0.0,0.0,강원도 원주시 예술관길 31,강원도 원주시 명륜동 705,강원도원주시명륜동,4213054200,강원도,원주시,명륜2동,4213010600,명륜동,19950301,강원도원주시명륜2동,"15,481",2.07,"7,498","7,983",0.94,"15,481",699,"1,653","2,122","1,347","2,281","3,113","2,434","1,089",650,92,1,"7,498","7,498",331,839,"1,113",685,"1,083","1,559","1,186",473,211,17,1.0,"7,983","7,983",368,814,"1,009",662,"1,198","1,554","1,248",616,439,75,0
42130-26981,원주무실1단지아파트,0.0,13.36,13.36,13.36,0.0,0.0,0.0,강원도 원주시 시청로 68,강원도 원주시 무실동 1649,강원도원주시무실동,4213066000,강원도,원주시,무실동,4213011500,무실동,19880423,강원도원주시무실동,"32,936",2.34,"16,125","16,811",0.96,"32,936","3,105","4,333","4,196","4,340","6,307","5,187","3,467","1,286",602,110,3,"16,125","16,125","1,572","2,311","2,250","2,093","2,917","2,521","1,651",582,209,18,1.0,"16,811","16,811","1,533","2,022","1,946","2,247","3,390","2,666","1,816",704,393,92,2
42130-100186950,원주무실5주공아파트,0.0,469.106,6026.052,5982.001,0.0,88.0,0.0,강원도 원주시 만대로 96,강원도 원주시 무실동 1713,강원도원주시무실동,4213066000,강원도,원주시,무실동,4213011500,무실동,19880423,강원도원주시무실동,"32,936",2.34,"16,125","16,811",0.96,"32,936","3,105","4,333","4,196","4,340","6,307","5,187","3,467","1,286",602,110,3,"16,125","16,125","1,572","2,311","2,250","2,093","2,917","2,521","1,651",582,209,18,1.0,"16,811","16,811","1,533","2,022","1,946","2,247","3,390","2,666","1,816",704,393,92,2
42130-23767,원주태장4주공아파트,0.0,11.76,250.75,0.0,0.0,0.0,0.0,강원도 원주시 흥양로51번길 20,강원도 원주시 태장동 2719-1,강원도원주시태장동,4213061000,강원도,원주시,태장1동,4213011200,태장동,19880423,강원도원주시태장1동,"10,054",2.19,"5,043","5,011",1.01,"10,054",754,"1,108","1,050","1,062","1,727","1,725","1,448",743,394,40,3,"5,043","5,043",387,579,562,542,870,916,717,316,146,8,0.0,"5,011","5,011",367,529,488,520,857,809,731,427,248,32,3
42130-23767,원주태장4주공아파트,0.0,11.76,250.75,0.0,0.0,0.0,0.0,강원도 원주시 흥양로51번길 20,강원도 원주시 태장동 2719-1,강원도원주시태장동,4213062000,강원도,원주시,태장2동,4213011200,태장동,19880423,강원도원주시태장2동,"24,712",2.21,"12,318","12,394",0.99,"24,712","1,705","2,573","3,000","2,703","4,058","4,528","3,551","1,565",910,117,2,"12,318","12,318",888,"1,340","1,604","1,402","2,057","2,280","1,741",672,307,27,0.0,"12,394","12,394",817,"1,233","1,396","1,301","2,001","2,248","1,810",893,603,90,2
26710-100188002,정관신도시 휴먼시아2단지,0.0,507.965,6963.3330000000005,6884.325,0.0,90.0,0.0,부산광역시 기장군 정관읍 정관2로 24,부산광역시 기장군 정관읍 모전리 768,부산광역시기장군정관읍모전리,2671025600,부산광역시,기장군,정관읍,2671025627,모전리,20150923,부산광역시기장군정관읍,"81,775",2.6,"40,430","41,345",0.98,"81,775","11,740","10,763","6,674","12,788","18,665","8,610","6,994","3,948","1,403",186,4,"40,430","40,430","5,981","5,596","3,349","6,090","9,517","4,470","3,041","1,846",506,34,0.0,"41,345","41,345","5,759","5,167","3,325","6,698","9,148","4,140","3,953","2,102",897,152,4
50110-100188846,제주고성휴먼시아,0.0,0.0,8.776,8.776,0.0,0.0,0.0,제주특별자치도 제주시 애월읍 고성서3길 15-5,제주특별자치도 제주시 애월읍 고성리 1488-1,제주특별자치도제주시애월읍고성리,5011025300,제주특별자치도,제주시,애월읍,5011025329,고성리,20060701,제주특별자치도제주시애월읍,"37,337",2.18,"19,122","18,215",1.05,"37,337","3,462","3,511","3,669","4,386","6,519","6,522","4,613","2,649","1,670",326,10,"19,122","19,122","1,811","1,846","2,003","2,189","3,500","3,519","2,413","1,247",552,40,2.0,"18,215","18,215","1,651","1,665","1,666","2,197","3,019","3,003","2,200","1,402","1,118",286,8
50110-12605, ,0.0,0.0,1840.595,0.0,0.0,0.0,0.0,제주특별자치도 제주시 정존11길 54,제주특별자치도 제주시 노형동 2582-4,제주특별자치도제주시노형동,5011066000,제주특별자치도,제주시,노형동,5011012200,노형동,20060701,제주특별자치도제주시노형동,"55,385",2.4,"27,144","28,241",0.96,"55,385","5,122","7,340","8,478","6,875","9,744","9,748","4,878","2,090",940,165,5,"27,144","27,144","2,669","3,875","4,429","3,333","4,451","4,776","2,325",939,325,22,0.0,"28,241","28,241","2,453","3,465","4,049","3,542","5,293","4,972","2,553","1,151",615,143,5
44133-13032,주공아파트,0.0,492.586,6792.783,6342.967,0.0,104.0,0.0,충청남도 천안시 서북구 봉서산샛길 64,충청남도 천안시 서북구 쌍용동 1920,충청남도천안시서북구쌍용동,4413353000,충청남도,천안시 서북구,쌍용1동,4413310700,쌍용동,20080623,충청남도천안시서북구쌍용1동,"13,890",2.22,"6,807","7,083",0.96,"13,890",838,"1,193","2,443","1,838","1,893","2,489","2,014",768,357,56,1,"6,807","6,807",446,584,"1,250",991,933,"1,167",959,344,121,12,0.0,"7,083","7,083",392,609,"1,193",847,960,"1,322","1,055",424,236,44,1
44133-13032,주공아파트,0.0,492.586,6792.783,6342.967,0.0,104.0,0.0,충청남도 천안시 서북구 봉서산샛길 64,충청남도 천안시 서북구 쌍용동 1920,충청남도천안시서북구쌍용동,4413354000,충청남도,천안시 서북구,쌍용2동,4413310700,쌍용동,20080623,충청남도천안시서북구쌍용2동,"37,560",2.58,"18,442","19,118",0.96,"37,560","3,292","4,886","5,950","4,942","6,614","6,635","3,367","1,223",575,75,1,"18,442","18,442","1,640","2,560","3,105","2,478","3,087","3,156","1,684",526,189,16,1.0,"19,118","19,118","1,652","2,326","2,845","2,464","3,527","3,479","1,683",697,386,59,0
44133-13032,주공아파트,0.0,492.586,6792.783,6342.967,0.0,104.0,0.0,충청남도 천안시 서북구 봉서산샛길 64,충청남도 천안시 서북구 쌍용동 1920,충청남도천안시서북구쌍용동,4413355000,충청남도,천안시 서북구,쌍용3동,4413310700,쌍용동,20080623,충청남도천안시서북구쌍용3동,"18,875",2.35,"9,100","9,775",0.93,"18,875","1,364","2,347","2,632","2,271","3,106","3,535","2,111",919,506,83,1,"9,100","9,100",669,"1,272","1,372","1,127","1,451","1,670","1,034",353,140,12,0.0,"9,775","9,775",695,"1,075","1,260","1,144","1,655","1,865","1,077",566,366,71,1
42110-9457,효자영구임대아파트,0.0,389.28,2093.82,1921.64,0.0,40.0,0.0,강원도 춘천시 공지로 234-16,강원도 춘천시 효자동 333,강원도춘천시효자동,4211062000,강원도,춘천시,효자1동,4211011200,효자동,19880423,강원도춘천시효자1동,"4,506",2.27,"2,243","2,263",0.99,"4,506",333,374,537,474,674,750,700,388,241,34,1,"2,243","2,243",162,211,290,250,347,372,331,165,104,11,0.0,"2,263","2,263",171,163,247,224,327,378,369,223,137,23,1
42110-9457,효자영구임대아파트,0.0,389.28,2093.82,1921.64,0.0,40.0,0.0,강원도 춘천시 공지로 234-16,강원도 춘천시 효자동 333,강원도춘천시효자동,4211063000,강원도,춘천시,효자2동,4211011200,효자동,19880423,강원도춘천시효자2동,"11,969",1.6,"6,358","5,611",1.13,"11,969",406,665,"2,726","1,325","1,382","1,785","1,774","1,148",673,83,2,"6,358","6,358",206,341,"1,633",787,783,999,864,477,254,12,2.0,"5,611","5,611",200,324,"1,093",538,599,786,910,671,419,71,0
42110-9457,효자영구임대아파트,0.0,389.28,2093.82,1921.64,0.0,40.0,0.0,강원도 춘천시 공지로 234-16,강원도 춘천시 효자동 333,강원도춘천시효자동,4211064000,강원도,춘천시,효자3동,4211011200,효자동,19880423,강원도춘천시효자3동,"4,410",1.69,"2,229","2,181",1.02,"4,410",144,228,963,584,469,659,675,398,251,38,1,"2,229","2,229",77,119,480,319,271,346,325,172,110,10,0.0,"2,181","2,181",67,109,483,265,198,313,350,226,141,28,1
42110-9457,효자영구임대아파트,0.0,389.28,2093.82,1921.64,0.0,40.0,0.0,강원도 춘천시 공지로 234-16,강원도 춘천시 효자동 333,강원도춘천시효자동,4211065000,강원도,춘천시,석사동,4211011200,효자동,19950415,강원도춘천시석사동,"35,096",2.34,"17,169","17,927",0.96,"35,096","2,388","4,293","5,099","3,673","5,772","6,242","4,165","2,096","1,204",159,5,"17,169","17,169","1,199","2,190","2,671","1,882","2,719","3,136","2,009",877,447,38,1.0,"17,927","17,927","1,189","2,103","2,428","1,791","3,053","3,106","2,156","1,219",757,121,4
47730-100190431,상리휴먼시아,0.0,446.72,3671.41,3643.7,0.0,70.0,0.0,경상북도 의성군 의성읍 동서1길 114,경상북도 의성군 의성읍 상리리 767,경상북도의성군의성읍상리리,4773025000,경상북도,의성군,의성읍,4773025023,상리리,19881001,경상북도의성군의성읍,"13,113",1.95,"6,421","6,692",0.96,"13,113",764,"1,009","1,099","1,125","1,703","2,134","2,552","1,687",916,123,1,"6,421","6,421",415,528,620,579,890,"1,120","1,207",741,295,26,0.0,"6,692","6,692",349,481,479,546,813,"1,014","1,345",946,621,97,1
43150-100193795,제천강저2휴먼시아,0.0,492.8,6012.28,6012.28,0.0,90.0,0.0,충청북도 제천시 청풍호로7길 110,충청북도 제천시 강제동 729,충청북도제천시강제동,4315060500,충청북도,제천시,화산동,4315012100,강제동,19980925,충청북도제천시화산동,"15,292",2.16,"7,730","7,562",1.02,"15,292","1,603","1,379","1,524","2,123","2,348","2,387","2,115","1,152",595,62,4,"7,730","7,730",808,702,850,"1,064","1,273","1,260","1,020",508,231,14,0.0,"7,562","7,562",795,677,674,"1,059","1,075","1,127","1,095",644,364,48,4
41463-100253349,서천마을 휴먼시아,0.0,471.395,6214.0109999999995,6199.931,0.0,89.0,0.0,경기도 용인시 기흥구 서천로128번길 12,경기도 용인시 기흥구 서천동 743,경기도용인시기흥구서천동,4146355000,경기도,용인시 기흥구,서농동,4146311000,서천동,20051031,경기도용인시기흥구서농동,"26,202",2.23,"13,461","12,741",1.06,"26,202","3,066","2,547","5,244","4,482","4,488","3,221","1,943",829,339,41,2,"13,461","13,461","1,525","1,275","3,092","2,252","2,314","1,565",947,360,123,8,0.0,"12,741","12,741","1,541","1,272","2,152","2,230","2,174","1,656",996,469,216,33,2
41463-100251748,서천마을 휴먼시아,0.0,471.12800000000004,5951.439,5936.249,0.0,112.0,0.0,경기도 용인시 기흥구 서천서로 125,경기도 용인시 기흥구 농서동 395,경기도용인시기흥구농서동,4146355000,경기도,용인시 기흥구,서농동,4146310900,농서동,20051031,경기도용인시기흥구서농동,"26,202",2.23,"13,461","12,741",1.06,"26,202","3,066","2,547","5,244","4,482","4,488","3,221","1,943",829,339,41,2,"13,461","13,461","1,525","1,275","3,092","2,252","2,314","1,565",947,360,123,8,0.0,"12,741","12,741","1,541","1,272","2,152","2,230","2,174","1,656",996,469,216,33,2
43770-100189591,음성삼성휴먼시아,0.0,525.47,6398.12,6398.12,0.0,118.0,0.0,충청북도 음성군 삼성면 덕정로 29-7,충청북도 음성군 삼성면 덕정리 1507,충청북도음성군삼성면덕정리,4377035000,충청북도,음성군,삼성면,4377035021,덕정리,19880423,충청북도음성군삼성면,"6,874",1.78,"3,818","3,056",1.25,"6,874",239,403,628,516,840,"1,513","1,496",729,445,61,4,"3,818","3,818",139,214,394,314,536,871,835,354,147,12,2.0,"3,056","3,056",100,189,234,202,304,642,661,375,298,49,2
45140-100189670,함열휴먼시아,0.0,666.38,6877.67,6877.67,0.0,90.0,0.0,전라북도 익산시 함열읍 함열5길 28,전라북도 익산시 함열읍 와리 1539,전라북도익산시함열읍와리,4514025000,전라북도,익산시,함열읍,4514025021,와리,19950510,전라북도익산시함열읍,"6,869",2.04,"3,367","3,502",0.96,"6,869",345,572,583,500,787,"1,186","1,422",877,511,84,2,"3,367","3,367",182,269,330,258,434,622,712,379,166,15,0.0,"3,502","3,502",163,303,253,242,353,564,710,498,345,69,2
47290-4549,주공아파트,0.0,505.15,505.148,505.148,0.0,1.0,0.0,경상북도 경산시 남매로6길 7,경상북도 경산시 상방동 292,경상북도경산시상방동,4729053000,경상북도,경산시,남부동,4729010500,상방동,19890101,경상북도경산시남부동,"19,933",2.36,"9,799","10,134",0.97,"19,933","1,927","1,982","2,040","2,564","3,539","3,006","2,645","1,515",631,83,1,"9,799","9,799",976,"1,082","1,082","1,323","1,768","1,448","1,206",663,231,20,0.0,"10,134","10,134",951,900,958,"1,241","1,771","1,558","1,439",852,400,63,1
47830-6685,다산주공2단지아파트,0.0,204.768,300.39799999999997,300.39799999999997,0.0,0.0,0.0,경상북도 고령군 다산면 상곡길 85,경상북도 고령군 다산면 상곡리 53,경상북도고령군다산면상곡리,4783034000,경상북도,고령군,다산면,4783034034,상곡리,19881001,경상북도고령군다산면,"8,379",2.04,"4,355","4,024",1.08,"8,379",469,738,742,715,"1,188","1,592","1,581",850,453,51,0,"4,355","4,355",245,384,419,392,644,886,827,381,164,13,0.0,"4,024","4,024",224,354,323,323,544,706,754,469,289,38,0
41210-100177966,휴먼시아,0.0,493.233,3739.16,3724.6540000000005,0.0,51.0,0.0,경기도 광명시 소하로 10,경기도 광명시 소하동 1284,경기도광명시소하동,4121064000,경기도,광명시,소하1동,4121010400,소하동,19880423,경기도광명시소하1동,"31,847",2.7,"15,535","16,312",0.95,"31,847","2,908","4,266","3,715","3,884","6,079","4,920","3,741","1,592",632,108,2,"15,535","15,535","1,480","2,191","1,917","1,835","2,927","2,444","1,790",736,193,22,0.0,"16,312","16,312","1,428","2,075","1,798","2,049","3,152","2,476","1,951",856,439,86,2
41210-100177966,휴먼시아,0.0,493.233,3739.16,3724.6540000000005,0.0,51.0,0.0,경기도 광명시 소하로 10,경기도 광명시 소하동 1284,경기도광명시소하동,4121065000,경기도,광명시,소하2동,4121010400,소하동,19880423,경기도광명시소하2동,"50,783",2.46,"25,530","25,253",1.01,"50,783","4,615","4,992","6,945","8,142","8,724","8,118","5,711","2,436",950,145,5,"25,530","25,530","2,376","2,559","3,623","4,135","4,450","4,140","2,763","1,130",319,33,2.0,"25,253","25,253","2,239","2,433","3,322","4,007","4,274","3,978","2,948","1,306",631,112,3
41210-100177601,휴먼시아,0.0,117.941,232.674,232.674,0.0,0.0,0.0,경기도 광명시 소하로 55,경기도 광명시 소하동 1292,경기도광명시소하동,4121064000,경기도,광명시,소하1동,4121010400,소하동,19880423,경기도광명시소하1동,"31,847",2.7,"15,535","16,312",0.95,"31,847","2,908","4,266","3,715","3,884","6,079","4,920","3,741","1,592",632,108,2,"15,535","15,535","1,480","2,191","1,917","1,835","2,927","2,444","1,790",736,193,22,0.0,"16,312","16,312","1,428","2,075","1,798","2,049","3,152","2,476","1,951",856,439,86,2
41210-100177601,휴먼시아,0.0,117.941,232.674,232.674,0.0,0.0,0.0,경기도 광명시 소하로 55,경기도 광명시 소하동 1292,경기도광명시소하동,4121065000,경기도,광명시,소하2동,4121010400,소하동,19880423,경기도광명시소하2동,"50,783",2.46,"25,530","25,253",1.01,"50,783","4,615","4,992","6,945","8,142","8,724","8,118","5,711","2,436",950,145,5,"25,530","25,530","2,376","2,559","3,623","4,135","4,450","4,140","2,763","1,130",319,33,2.0,"25,253","25,253","2,239","2,433","3,322","4,007","4,274","3,978","2,948","1,306",631,112,3
29140-130040783,동천마을1단지아파트,53258.3,28.0,28.0,28.0,0.05257390000000001,0.0,0.0,광주광역시 서구 동천로 25,광주광역시 서구 동천동 502,광주광역시서구동천동,2914084000,광주광역시,서구,동천동,2914013300,동천동,20111001,광주광역시서구동천동,"16,229",2.57,"7,703","8,526",0.9,"16,229","1,530","2,413","1,917","1,664","3,348","2,545","1,722",779,258,52,1,"7,703","7,703",757,"1,212","1,028",755,"1,549","1,240",742,331,79,10,0.0,"8,526","8,526",773,"1,201",889,909,"1,799","1,305",980,448,179,42,1
29155-1938,송화마을휴먼시아,0.0,0.0,1938.63,0.0,0.0,0.0,0.0,광주광역시 남구 효우로60번길 9,광주광역시 남구 노대동 734,광주광역시남구노대동,2915571000,광주광역시,남구,효덕동,2915510700,노대동,19950301,광주광역시남구효덕동,"45,638",2.43,"21,538","24,100",0.89,"45,638","3,771","5,807","6,361","5,195","7,690","6,843","5,388","3,091","1,285",200,7,"21,538","21,538","1,876","2,815","3,222","2,451","3,582","3,196","2,427","1,416",505,48,0.0,"24,100","24,100","1,895","2,992","3,139","2,744","4,108","3,647","2,961","1,675",780,152,7
29200-100203222,장자울마을 휴먼시아,0.0,553.73,6183.267,6168.7609999999995,0.0,84.0,0.0,광주광역시 광산구 풍영로145번길 43,광주광역시 광산구 흑석동 517,광주광역시광산구흑석동,2920063700,광주광역시,광산구,수완동,2920012400,흑석동,20100906,광주광역시광산구수완동,"77,710",2.76,"38,376","39,334",0.98,"77,710","9,814","13,580","9,651","10,085","17,920","10,209","4,041","1,740",573,95,2,"38,376","38,376","5,036","6,788","5,016","4,666","8,604","5,454","1,917",726,154,15,0.0,"39,334","39,334","4,778","6,792","4,635","5,419","9,316","4,755","2,124","1,014",419,80,2
29200-100203222,장자울마을 휴먼시아,0.0,553.73,6183.267,6168.7609999999995,0.0,84.0,0.0,광주광역시 광산구 풍영로145번길 43,광주광역시 광산구 흑석동 517,광주광역시광산구흑석동,2920064000,광주광역시,광산구,하남동,2920012400,흑석동,19981015,광주광역시광산구하남동,"24,943",2.53,"12,811","12,132",1.06,"24,943","3,071","3,288","3,319","3,697","5,066","3,551","1,995",641,271,42,2,"12,811","12,811","1,573","1,716","1,783","1,865","2,640","1,820","1,039",294,73,8,0.0,"12,132","12,132","1,498","1,572","1,536","1,832","2,426","1,731",956,347,198,34,2
29170-60419,주공아파트,0.0,14.972999999999999,9.0,9.0,0.0,0.0,0.0,광주광역시 북구 하서로229번길 57,광주광역시 북구 양산동 687,광주광역시북구양산동,2917069600,광주광역시,북구,양산동,2917012800,양산동,20130318,광주광역시북구양산동,"37,886",2.34,"19,052","18,834",1.01,"37,886","3,890","4,095","5,124","5,826","6,562","5,905","3,810","1,813",737,120,4,"19,052","19,052","2,055","2,078","2,689","3,066","3,325","2,935","1,834",811,238,21,0.0,"18,834","18,834","1,835","2,017","2,435","2,760","3,237","2,970","1,976","1,002",499,99,4
47190-100203942,구평휴먼시아,0.0,375.0,5080.33,5020.2,0.0,75.0,0.0,경상북도 구미시 인동54길 25,경상북도 구미시 구평동 1088,경상북도구미시구평동,4719067000,경상북도,구미시,인동동,4719012000,구평동,19880423,경상북도구미시인동동,"48,115",2.15,"24,923","23,192",1.07,"48,115","4,563","5,919","7,145","8,294","9,482","7,037","3,660","1,323",604,87,1,"24,923","24,923","2,436","3,104","3,924","4,410","4,852","3,640","1,837",532,171,17,0.0,"23,192","23,192","2,127","2,815","3,221","3,884","4,630","3,397","1,823",791,433,70,1
41410-100177218,휴먼시아,0.0,811.738,6162.891,6148.331,0.0,104.0,0.0,경기도 군포시 송부로291번길 29,경기도 군포시 부곡동 1126,경기도군포시부곡동,4141052000,경기도,군포시,군포2동,4141010100,부곡동,19890101,경기도군포시부곡동,"53,205",2.65,"26,356","26,849",0.98,"53,205","4,497","6,095","7,116","6,976","9,054","9,234","6,383","2,523","1,144",179,4,"26,356","26,356","2,304","3,152","3,678","3,548","4,417","4,422","3,183","1,205",402,43,2.0,"26,849","26,849","2,193","2,943","3,438","3,428","4,637","4,812","3,200","1,318",742,136,2
41410-100177218,휴먼시아,0.0,811.738,6162.891,6148.331,0.0,104.0,0.0,경기도 군포시 송부로291번길 29,경기도 군포시 부곡동 1126,경기도군포시부곡동,4141052000,경기도,군포시,군포2동,4141010100,부곡동,19890101,경기도군포시부곡동,"53,205",2.65,"26,356","26,849",0.98,"53,205","4,497","6,095","7,116","6,976","9,054","9,234","6,383","2,523","1,144",179,4,"26,356","26,356","2,304","3,152","3,678","3,548","4,417","4,422","3,183","1,205",402,43,2.0,"26,849","26,849","2,193","2,943","3,438","3,428","4,637","4,812","3,200","1,318",742,136,2
45210-100182658,김제검산(3) 휴먼시아,0.0,873.6,8094.28,8094.28,0.0,152.0,0.0,전라북도 김제시 금성로 140,전라북도 김제시 검산동 1050,전라북도김제시검산동,4521054000,전라북도,김제시,검산동,4521010400,검산동,19890101,전라북도김제시검산동,"11,314",2.18,"5,495","5,819",0.94,"11,314",940,"1,336","1,284","1,138","1,802","1,842","1,466",916,486,103,1,"5,495","5,495",477,677,688,570,878,973,700,372,147,13,0.0,"5,819","5,819",463,659,596,568,924,869,766,544,339,90,1
41360-100215206,휴먼시아,0.0,472.64,6054.62,6016.8,0.0,90.0,0.0,경기도 남양주시 진접읍 해밀예당1로 295,경기도 남양주시 진접읍 금곡리 995,경기도남양주시진접읍금곡리,4136025300,경기도,남양주시,진접읍,4136025328,금곡리,19950101,경기도남양주시진접읍,"92,857",2.49,"46,837","46,020",1.02,"92,857","7,934","11,401","10,628","9,980","17,157","15,315","11,491","5,983","2,628",324,16,"46,837","46,837","4,125","5,888","5,638","4,952","8,600","8,125","5,746","2,677",997,87,2.0,"46,020","46,020","3,809","5,513","4,990","5,028","8,557","7,190","5,745","3,306","1,631",237,14
30200-15299,송림마을아파트4단지,0.0,14.972999999999999,9.0,9.0,0.0,0.0,0.0,대전광역시 유성구 노은로 358,대전광역시 유성구 하기동 542,대전광역시유성구하기동,3020054700,대전광역시,유성구,노은2동,3020013200,하기동,20070205,대전광역시유성구노은2동,"24,757",2.62,"12,171","12,586",0.97,"24,757","2,352","3,422","3,137","3,109","4,657","4,065","2,254","1,108",564,88,1,"12,171","12,171","1,223","1,761","1,613","1,533","2,190","2,047","1,093",484,209,18,0.0,"12,586","12,586","1,129","1,661","1,524","1,576","2,467","2,018","1,161",624,355,70,1
30200-15299,송림마을아파트4단지,0.0,14.972999999999999,9.0,9.0,0.0,0.0,0.0,대전광역시 유성구 노은로 358,대전광역시 유성구 하기동 542,대전광역시유성구하기동,3020055000,대전광역시,유성구,신성동,3020013200,하기동,19950101,대전광역시유성구신성동,"26,063",2.22,"13,675","12,388",1.1,"26,063","2,898","2,896","4,132","5,221","4,255","3,495","2,039",666,400,61,0,"13,675","13,675","1,528","1,484","2,278","2,900","2,152","1,809","1,062",329,120,13,0.0,"12,388","12,388","1,370","1,412","1,854","2,321","2,103","1,686",977,337,280,48,0
44230-11158,주공아파트,0.0,315.36,1578.18,559.47,0.0,0.0,0.0,충청남도 논산시 논산대로348번길 7,충청남도 논산시 취암동 95,충청남도논산시취암동,4423051000,충청남도,논산시,취암동,4423010500,취암동,19960301,충청남도논산시취암동,"35,011",2.15,"17,430","17,581",0.99,"35,011","3,286","3,928","4,470","4,504","5,851","5,497","4,142","2,112","1,066",147,8,"17,430","17,430","1,668","2,030","2,400","2,316","2,920","2,756","2,003",934,362,38,3.0,"17,581","17,581","1,618","1,898","2,070","2,188","2,931","2,741","2,139","1,178",704,109,5
46710-3532,백동주공아파트,0.0,13.5,13.5,13.5,0.0,0.0,0.0,전라남도 담양군 담양읍 미리산길 34,전라남도 담양군 담양읍 백동리 191,전라남도담양군담양읍백동리,4671025000,전라남도,담양군,담양읍,4671025025,백동리,19880423,전라남도담양군담양읍,"15,172",2.04,"7,671","7,501",1.02,"15,172","1,142","1,248","1,737","1,611","2,062","2,450","2,251","1,614",901,150,6,"7,671","7,671",551,668,"1,001",817,"1,132","1,290","1,147",722,311,32,0.0,"7,501","7,501",591,580,736,794,930,"1,160","1,104",892,590,118,6
27710-10615,주공아파트,0.0,442.48699999999997,6297.478,6003.126,0.0,90.0,0.0,대구광역시 달성군 다사읍 매곡로14길 11,대구광역시 달성군 다사읍 매곡리 509,대구광역시달성군다사읍매곡리,2771025600,대구광역시,달성군,다사읍,2771025628,매곡리,19971101,대구광역시달성군다사읍,"50,426",2.65,"24,914","25,512",0.98,"50,426","5,750","5,974","5,522","6,940","9,595","7,820","5,462","2,378",874,110,1,"24,914","24,914","2,900","3,113","2,930","3,421","4,741","3,718","2,606","1,155",312,18,0.0,"25,512","25,512","2,850","2,861","2,592","3,519","4,854","4,102","2,856","1,223",562,92,1
30110-5425,은어송마을4단지,0.0,0.0,325.655,0.0,0.0,0.0,0.0,대전광역시 동구 은어송로 116,대전광역시 동구 가오동 555,대전광역시동구가오동,3011053000,대전광역시,동구,효동,3011010500,가오동,19950101,대전광역시동구효동,"24,779",2.59,"12,203","12,576",0.97,"24,779","2,442","3,322","2,569","2,813","4,837","3,523","2,965","1,575",633,98,2,"12,203","12,203","1,232","1,731","1,387","1,366","2,407","1,749","1,374",696,240,21,0.0,"12,576","12,576","1,210","1,591","1,182","1,447","2,430","1,774","1,591",879,393,77,2
41250-100178896,휴먼시아,0.0,388.958,3977.296,3884.17,0.0,50.0,0.0,경기도 동두천시 행선로 112,경기도 동두천시 생연동 831,경기도동두천시생연동,4125051000,경기도,동두천시,생연1동,4125010300,생연동,19880423,경기도동두천시생연1동,"6,901",2.07,"3,449","3,452",1.0,"6,901",483,580,749,763,900,"1,245","1,126",652,368,34,1,"3,449","3,449",260,279,406,389,476,651,565,278,133,12,0.0,"3,452","3,452",223,301,343,374,424,594,561,374,235,22,1
41250-100178896,휴먼시아,0.0,388.958,3977.296,3884.17,0.0,50.0,0.0,경기도 동두천시 행선로 112,경기도 동두천시 생연동 831,경기도동두천시생연동,4125052000,경기도,동두천시,생연2동,4125010300,생연동,19880423,경기도동두천시생연2동,"12,001",2.26,"5,880","6,121",0.96,"12,001",738,"1,233","1,326","1,218","1,882","2,022","1,716","1,145",652,68,1,"5,880","5,880",390,630,727,599,952,"1,058",793,459,253,19,0.0,"6,121","6,121",348,603,599,619,930,964,923,686,399,49,1
41250-100178896,휴먼시아,0.0,388.958,3977.296,3884.17,0.0,50.0,0.0,경기도 동두천시 행선로 112,경기도 동두천시 생연동 831,경기도동두천시생연동,4125053500,경기도,동두천시,중앙동,4125010300,생연동,19981130,경기도동두천시중앙동,"4,961",1.59,"2,602","2,359",1.1,"4,961",145,201,474,424,545,"1,001","1,084",643,360,76,8,"2,602","2,602",80,107,262,242,334,582,587,271,111,25,1.0,"2,359","2,359",65,94,212,182,211,419,497,372,249,51,7
41250-100178896,휴먼시아,0.0,388.958,3977.296,3884.17,0.0,50.0,0.0,경기도 동두천시 행선로 112,경기도 동두천시 생연동 831,경기도동두천시생연동,4125056500,경기도,동두천시,불현동,4125010300,생연동,19981130,경기도동두천시불현동,"27,056",2.23,"13,339","13,717",0.97,"27,056","1,807","2,567","3,460","2,907","4,039","4,821","3,848","2,292","1,164",148,3,"13,339","13,339",912,"1,285","1,864","1,474","2,007","2,479","1,902",953,422,40,1.0,"13,717","13,717",895,"1,282","1,596","1,433","2,032","2,342","1,946","1,339",742,108,2
42170-100175735,동해송정엘에이치아파트,0.0,391.56,4626.63,4626.63,0.0,60.0,0.0,강원도 동해시 동해역길 19,강원도 동해시 송정동 1683,강원도동해시송정동,4217052000,강원도,동해시,송정동,4217010300,송정동,19880423,강원도동해시송정동,"3,820",1.74,"2,084","1,736",1.2,"3,820",140,212,523,276,504,658,729,448,284,45,1,"2,084","2,084",66,123,362,160,302,369,365,214,112,11,0.0,"1,736","1,736",74,89,161,116,202,289,364,234,172,34,1
46840-100191989,무안남악3휴먼시아,0.0,329.657,4266.468,4266.468,0.0,60.0,0.0,전라남도 무안군 삼향읍 남악4로34번길 7,전라남도 무안군 삼향읍 남악리 2311,전라남도무안군삼향읍남악리,4684025600,전라남도,무안군,삼향읍,4684025622,남악리,20110101,전라남도무안군삼향읍,"5,431",2.16,"2,864","2,567",1.12,"5,431",157,298,496,325,568,"1,105","1,220",764,420,75,3,"2,864","2,864",73,147,280,187,345,638,681,371,134,8,0.0,"2,567","2,567",84,151,216,138,223,467,539,393,286,67,3
41190-157022,주공아파트,0.0,223.453,151.042,151.042,0.0,4.0,0.0,경기도 부천시 은성로 110-1,경기도 부천시 소사본동 408-1,경기도부천시소사본동,4119075000,경기도,부천시,소사본동,4119011000,소사본동,20160704,경기도부천시소사본동,"56,522",2.34,"27,885","28,637",0.97,"56,522","3,680","4,260","7,639","8,063","7,814","9,992","9,306","3,930","1,591",232,15,"27,885","27,885","1,891","2,132","3,992","4,254","3,920","4,684","4,487","1,894",571,57,3.0,"28,637","28,637","1,789","2,128","3,647","3,809","3,894","5,308","4,819","2,036","1,020",175,12
,,,,,,,,,경기도 부천시 소사로 639,경기도 부천시 여월동 296,경기도부천시여월동,4119080000,경기도,부천시,성곡동,4119011800,여월동,20160704,경기도부천시성곡동,"83,045",2.3,"41,564","41,481",1.0,"83,045","4,329","6,799","12,433","9,656","12,177","16,738","12,575","5,408","2,561",359,10,"41,564","41,564","2,189","3,563","6,535","5,176","6,199","8,340","6,291","2,352",834,84,1.0,"41,481","41,481","2,140","3,236","5,898","4,480","5,978","8,398","6,284","3,056","1,727",275,9
42230-3027,건지주공아파트,0.0,459.048,459.048,459.048,0.0,0.0,0.0,강원도 삼척시 엑스포로 174,강원도 삼척시 건지동 173,강원도삼척시건지동,4223057000,강원도,삼척시,성내동,4223011700,건지동,19981125,강원도삼척시성내동,"7,989",2.12,"3,940","4,049",0.97,"7,989",517,727,754,706,"1,165","1,309","1,447",828,472,63,1,"3,940","3,940",263,372,417,374,612,657,694,374,165,12,0.0,"4,049","4,049",254,355,337,332,553,652,753,454,307,51,1
42230-11025,삼척도계주공아파트,0.0,542.872,5455.415,5440.909000000001,0.0,81.0,0.0,강원도 삼척시 도계읍 도계로 134,강원도 삼척시 도계읍 흥전리 346,강원도삼척시도계읍흥전리,4223025000,강원도,삼척시,도계읍,4223025034,흥전리,19950101,강원도삼척시도계읍,"9,666",1.67,"4,787","4,879",0.98,"9,666",310,784,"1,697",497,"1,031","1,605","1,875","1,198",603,63,3,"4,787","4,787",150,356,883,263,587,868,967,519,179,15,0.0,"4,879","4,879",160,428,814,234,444,737,908,679,424,48,3
50130-100192419,서귀포대정휴먼시아,0.0,215.74,213.22,0.0,0.0,0.0,0.0,제주특별자치도 서귀포시 대정읍 하모중앙로 6,제주특별자치도 서귀포시 대정읍 하모리 1450,제주특별자치도서귀포시대정읍하모리,5013025000,제주특별자치도,서귀포시,대정읍,5013025022,하모리,20060701,제주특별자치도서귀포시대정읍,"21,959",2.09,"10,687","11,272",0.95,"21,959","1,855","2,568","1,826","1,991","4,007","3,631","2,827","1,859","1,192",190,13,"10,687","10,687",998,"1,314",978,895,"1,906","1,929","1,402",838,396,30,1.0,"11,272","11,272",857,"1,254",848,"1,096","2,101","1,702","1,425","1,021",796,160,12
26350-25584,송정1단지주공아파트,0.0,0.0,460.745,0.0,0.0,0.0,0.0,부산광역시 해운대구 송정1로 20,부산광역시 해운대구 송정동 929,부산광역시해운대구송정동,2635056000,부산광역시,해운대구,송정동,2635010800,송정동,19950101,부산광역시해운대구송정동,"9,960",1.97,"4,809","5,151",0.93,"9,960",500,499,"1,152","1,244","1,349","1,697","1,985","1,001",467,65,1,"4,809","4,809",275,275,626,664,722,762,901,423,150,11,0.0,"5,151","5,151",225,224,526,580,627,935,"1,084",578,317,54,1
48330-3489,양산신도시주공3단지아파트,0.0,416.345,1222.296,811.275,0.0,0.0,0.0,경상남도 양산시 양주로 153,경상남도 양산시 중부동 695-1,경상남도양산시중부동,4833051000,경상남도,양산시,중앙동,4833010300,중부동,19960301,경상남도양산시중앙동,"11,542",1.75,"6,144","5,398",1.14,"11,542",461,600,"1,426","1,279","1,462","2,401","2,385","1,035",433,60,0,"6,144","6,144",234,347,848,756,819,"1,278","1,201",483,158,20,0.0,"5,398","5,398",227,253,578,523,643,"1,123","1,184",552,275,40,0
48330-3489,양산신도시주공3단지아파트,0.0,416.345,1222.296,811.275,0.0,0.0,0.0,경상남도 양산시 양주로 153,경상남도 양산시 중부동 695-1,경상남도양산시중부동,4833051500,경상남도,양산시,양주동,4833010300,중부동,20100201,경상남도양산시양주동,"33,250",2.59,"16,091","17,159",0.94,"33,250","2,441","4,140","4,536","3,257","5,986","6,257","3,605","2,077",862,87,2,"16,091","16,091","1,242","2,156","2,412","1,602","2,716","3,064","1,674",867,339,18,1.0,"17,159","17,159","1,199","1,984","2,124","1,655","3,270","3,193","1,931","1,210",523,69,1
41630-100192848,은빛마을휴먼시아,0.0,525.7919999999999,6572.884,6534.2,0.0,84.0,0.0,경기도 양주시 고읍북로 15,경기도 양주시 만송동 694,경기도양주시만송동,4163052000,경기도,양주시,양주2동,4163010700,만송동,20031019,경기도양주시양주2동,"50,148",2.6,"24,499","25,649",0.96,"50,148","4,641","6,962","5,441","5,240","10,097","7,590","5,312","3,343","1,336",179,7,"24,499","24,499","2,339","3,517","2,751","2,538","4,960","3,952","2,361","1,519",517,45,0.0,"25,649","25,649","2,302","3,445","2,690","2,702","5,137","3,638","2,951","1,824",819,134,7
41630-100189648,은빛마을 휴먼시아,0.0,569.403,7067.683000000001,7052.977,0.0,98.0,0.0,경기도 양주시 고읍로 117-21,경기도 양주시 만송동 698,경기도양주시만송동,4163052000,경기도,양주시,양주2동,4163010700,만송동,20031019,경기도양주시양주2동,"50,148",2.6,"24,499","25,649",0.96,"50,148","4,641","6,962","5,441","5,240","10,097","7,590","5,312","3,343","1,336",179,7,"24,499","24,499","2,339","3,517","2,751","2,538","4,960","3,952","2,361","1,519",517,45,0.0,"25,649","25,649","2,302","3,445","2,690","2,702","5,137","3,638","2,951","1,824",819,134,7
41630-10660,조은마을,0.0,126.389,109.934,109.934,0.0,0.0,0.0,경기도 양주시 고암길 252-36,경기도 양주시 고암동 580,경기도양주시고암동,4163055000,경기도,양주시,회천3동,4163011500,고암동,20031019,경기도양주시회천3동,"27,364",2.5,"13,562","13,802",0.98,"27,364","2,213","3,402","3,875","2,987","4,922","4,681","2,597","1,641",933,107,6,"13,562","13,562","1,142","1,745","2,024","1,490","2,434","2,403","1,261",661,368,29,5.0,"13,802","13,802","1,071","1,657","1,851","1,497","2,488","2,278","1,336",980,565,78,1
50110-16997,아름마을,0.0,0.0,1659.36,0.0,0.0,0.0,0.0,제주특별자치도 제주시 우정로18길 25,제주특별자치도 제주시 외도일동 641-1,제주특별자치도제주시외도일동,5011067000,제주특별자치도,제주시,외도동,5011012300,외도일동,20060701,제주특별자치도제주시외도동,"22,086",2.53,"11,061","11,025",1.0,"22,086","2,758","2,937","2,514","3,089","4,280","3,319","1,748",878,468,91,4,"11,061","11,061","1,396","1,573","1,313","1,512","2,119","1,746",856,400,134,12,0.0,"11,025","11,025","1,362","1,364","1,201","1,577","2,161","1,573",892,478,334,79,4
41463-100185605,휴먼시아 물푸레마을,0.0,450.574,5991.278,5906.133000000001,0.0,90.0,0.0,경기도 용인시 기흥구 구성2로 52,경기도 용인시 기흥구 청덕동 513,경기도용인시기흥구청덕동,4146356000,경기도,용인시 기흥구,구성동,4146311400,청덕동,20051031,경기도용인시기흥구구성동,"39,189",2.63,"18,959","20,230",0.94,"39,189","3,189","4,753","4,377","4,075","7,589","5,953","4,397","3,213","1,424",213,6,"18,959","18,959","1,652","2,450","2,282","1,968","3,648","2,933","1,946","1,388",647,44,1.0,"20,230","20,230","1,537","2,303","2,095","2,107","3,941","3,020","2,451","1,825",777,169,5
41463-100189186,휴먼시아 물푸레마을,0.0,0.0,356.491,0.0,0.0,0.0,0.0,경기도 용인시 기흥구 구성로 392,경기도 용인시 기흥구 청덕동 569,경기도용인시기흥구청덕동,4146356000,경기도,용인시 기흥구,구성동,4146311400,청덕동,20051031,경기도용인시기흥구구성동,"39,189",2.63,"18,959","20,230",0.94,"39,189","3,189","4,753","4,377","4,075","7,589","5,953","4,397","3,213","1,424",213,6,"18,959","18,959","1,652","2,450","2,282","1,968","3,648","2,933","1,946","1,388",647,44,1.0,"20,230","20,230","1,537","2,303","2,095","2,107","3,941","3,020","2,451","1,825",777,169,5
41463-78933,백현마을주공아파트,0.0,379.14,4020.6259999999997,3987.1459999999997,0.0,52.0,0.0,경기도 용인시 기흥구 동백8로131번길 20,경기도 용인시 기흥구 동백동 584,경기도용인시기흥구동백동,4146357200,경기도,용인시 기흥구,동백1동,4146311500,동백동,20200120,경기도용인시기흥구동백1동,"33,020",2.84,"15,857","17,163",0.92,"33,020","3,298","5,695","3,604","3,314","7,788","4,870","2,213","1,492",655,89,2,"15,857","15,857","1,630","2,855","1,816","1,492","3,650","2,587",953,595,248,31,0.0,"17,163","17,163","1,668","2,840","1,788","1,822","4,138","2,283","1,260",897,407,58,2
41463-78933,백현마을주공아파트,0.0,379.14,4020.6259999999997,3987.1459999999997,0.0,52.0,0.0,경기도 용인시 기흥구 동백8로131번길 20,경기도 용인시 기흥구 동백동 584,경기도용인시기흥구동백동,4146357700,경기도,용인시 기흥구,동백3동,4146311500,동백동,20200120,경기도용인시기흥구동백3동,"23,535",2.72,"11,428","12,107",0.94,"23,535","2,898","3,009","2,213","3,013","4,949","2,743","2,064","1,739",816,90,1,"11,428","11,428","1,509","1,539","1,102","1,369","2,431","1,385",908,766,383,35,1.0,"12,107","12,107","1,389","1,470","1,111","1,644","2,518","1,358","1,156",973,433,55,0
41465-182928,성현마을,0.0,263.705,2815.812,2764.4159999999997,0.0,38.0,0.0,경기도 용인시 수지구 죽전로193번길 11,경기도 용인시 수지구 죽전동 1233,경기도용인시수지구죽전동,4146554000,경기도,용인시 수지구,죽전1동,4146510200,죽전동,20051031,경기도용인시수지구죽전1동,"56,712",2.66,"27,340","29,372",0.93,"56,712","4,804","6,934","7,969","6,891","10,647","8,921","5,365","3,364","1,595",213,9,"27,340","27,340","2,425","3,494","3,938","3,247","5,067","4,422","2,526","1,459",693,68,1.0,"29,372","29,372","2,379","3,440","4,031","3,644","5,580","4,499","2,839","1,905",902,145,8
41465-182928,성현마을,0.0,263.705,2815.812,2764.4159999999997,0.0,38.0,0.0,경기도 용인시 수지구 죽전로193번길 11,경기도 용인시 수지구 죽전동 1233,경기도용인시수지구죽전동,4146555000,경기도,용인시 수지구,죽전2동,4146510200,죽전동,20051031,경기도용인시수지구죽전2동,"18,356",2.44,"9,093","9,263",0.98,"18,356","1,472","1,566","2,758","3,214","3,011","2,873","1,827","1,042",498,92,3,"9,093","9,093",769,809,"1,409","1,642","1,485","1,399",870,477,201,32,0.0,"9,263","9,263",703,757,"1,349","1,572","1,526","1,474",957,565,297,60,3
41465-182954,도담마을,0.0,484.792,6417.44,6376.316,0.0,102.0,0.0,경기도 용인시 수지구 죽전로27번길 60,경기도 용인시 수지구 죽전동 1279,경기도용인시수지구죽전동,4146554000,경기도,용인시 수지구,죽전1동,4146510200,죽전동,20051031,경기도용인시수지구죽전1동,"56,712",2.66,"27,340","29,372",0.93,"56,712","4,804","6,934","7,969","6,891","10,647","8,921","5,365","3,364","1,595",213,9,"27,340","27,340","2,425","3,494","3,938","3,247","5,067","4,422","2,526","1,459",693,68,1.0,"29,372","29,372","2,379","3,440","4,031","3,644","5,580","4,499","2,839","1,905",902,145,8
41465-182954,도담마을,0.0,484.792,6417.44,6376.316,0.0,102.0,0.0,경기도 용인시 수지구 죽전로27번길 60,경기도 용인시 수지구 죽전동 1279,경기도용인시수지구죽전동,4146555000,경기도,용인시 수지구,죽전2동,4146510200,죽전동,20051031,경기도용인시수지구죽전2동,"18,356",2.44,"9,093","9,263",0.98,"18,356","1,472","1,566","2,758","3,214","3,011","2,873","1,827","1,042",498,92,3,"9,093","9,093",769,809,"1,409","1,642","1,485","1,399",870,477,201,32,0.0,"9,263","9,263",703,757,"1,349","1,572","1,526","1,474",957,565,297,60,3
41463-100196110,휴먼시아 흥덕마을,0.0,527.363,7011.045999999999,6996.255,0.0,90.0,0.0,경기도 용인시 기흥구 흥덕1로79번길 7,경기도 용인시 기흥구 영덕동 980,경기도용인시기흥구영덕동,4146351600,경기도,용인시 기흥구,영덕1동,4146311100,영덕동,20200120,경기도용인시기흥구영덕1동,"30,571",2.62,"15,183","15,388",0.99,"30,571","3,357","3,581","3,825","4,539","5,934","4,931","2,688","1,163",465,85,3,"15,183","15,183","1,700","1,848","1,992","2,245","2,930","2,496","1,264",535,159,13,1.0,"15,388","15,388","1,657","1,733","1,833","2,294","3,004","2,435","1,424",628,306,72,2
41463-100196110,휴먼시아 흥덕마을,0.0,527.363,7011.045999999999,6996.255,0.0,90.0,0.0,경기도 용인시 기흥구 흥덕1로79번길 7,경기도 용인시 기흥구 영덕동 980,경기도용인시기흥구영덕동,4146351700,경기도,용인시 기흥구,영덕2동,4146311100,영덕동,20200120,경기도용인시기흥구영덕2동,"17,558",2.45,"8,703","8,855",0.98,"17,558","1,839","1,237","2,467","3,164","2,723","2,807","1,785",758,609,165,4,"8,703","8,703",946,631,"1,305","1,594","1,373","1,334",860,376,222,61,1.0,"8,855","8,855",893,606,"1,162","1,570","1,350","1,473",925,382,387,104,3
31710-19413,구영1주공아파트,0.0,0.0,2237.72,0.0,0.0,0.0,0.0,울산광역시 울주군 범서읍 대리로 43,울산광역시 울주군 범서읍 구영리 212,울산광역시울주군범서읍구영리,3171025900,울산광역시,울주군,범서읍,3171025927,구영리,20010301,울산광역시울주군범서읍,"70,033",2.8,"35,259","34,774",1.01,"70,033","6,361","9,793","9,208","7,435","13,381","13,010","6,957","2,626","1,119",142,1,"35,259","35,259","3,268","5,118","5,139","3,602","6,209","6,680","3,623","1,235",360,25,0.0,"34,774","34,774","3,093","4,675","4,069","3,833","7,172","6,330","3,334","1,391",759,117,1
27140-100190335,율하 휴먼시아10단지,0.0,10.44,10.44,10.44,0.0,0.0,0.0,대구광역시 동구 율하동로8길 16,대구광역시 동구 율하동 1621,대구광역시동구율하동,2714072000,대구광역시,동구,안심1동,2714011800,율하동,19950101,대구광역시동구안심1동,"43,034",2.14,"21,093","21,941",0.96,"43,034","3,610","3,691","5,167","5,546","6,716","6,919","6,457","3,259","1,479",185,5,"21,093","21,093","1,885","1,946","2,738","2,854","3,426","3,373","2,964","1,413",462,31,1.0,"21,941","21,941","1,725","1,745","2,429","2,692","3,290","3,546","3,493","1,846","1,017",154,4
27140-100177230,율하휴먼시아5단지,0.0,10.44,10.44,10.44,0.0,0.0,0.0,대구광역시 동구 율하서로 59,대구광역시 동구 율하동 1302,대구광역시동구율하동,2714072000,대구광역시,동구,안심1동,2714011800,율하동,19950101,대구광역시동구안심1동,"43,034",2.14,"21,093","21,941",0.96,"43,034","3,610","3,691","5,167","5,546","6,716","6,919","6,457","3,259","1,479",185,5,"21,093","21,093","1,885","1,946","2,738","2,854","3,426","3,373","2,964","1,413",462,31,1.0,"21,941","21,941","1,725","1,745","2,429","2,692","3,290","3,546","3,493","1,846","1,017",154,4
48250-102023596,율현마을 주공13단지아파트,0.0,515.496,9058.122,8994.865,0.0,118.0,0.0,경상남도 김해시 율하2로 164,경상남도 김해시 율하동 1403,경상남도김해시율하동,4825063000,경상남도,김해시,장유3동,4825013100,율하동,20130701,경상남도김해시장유3동,"72,820",2.77,"36,134","36,686",0.98,"72,820","10,592","11,065","6,705","11,765","16,838","8,621","4,542","1,938",663,89,2,"36,134","36,134","5,333","5,680","3,488","5,606","8,267","4,567","2,105",875,196,17,0.0,"36,686","36,686","5,259","5,385","3,217","6,159","8,571","4,054","2,437","1,063",467,72,2
43770-19783,음성대소주공아파트,0.0,8.843,8.843,8.843,0.0,0.0,0.0,충청북도 음성군 대소면 오태로 115-12,충청북도 음성군 대소면 오산리 155,충청북도음성군대소면오산리,4377034000,충청북도,음성군,대소면,4377034021,오산리,19880423,충청북도음성군대소면,"15,692",2.01,"8,566","7,126",1.2,"15,692","1,060","1,511","1,788","1,660","2,786","3,241","2,148",905,521,72,0,"8,566","8,566",550,792,"1,069",965,"1,535","1,864","1,175",425,171,20,0.0,"7,126","7,126",510,719,719,695,"1,251","1,377",973,480,350,52,0
41430-6220,휴먼시아 청계마을,0.0,225.22400000000002,225.22400000000002,225.22400000000002,0.0,0.0,0.0,경기도 의왕시 청계1로 10,경기도 의왕시 청계동 971,경기도의왕시청계동,4143056000,경기도,의왕시,청계동,4143010800,청계동,19890101,경기도의왕시청계동,"37,180",2.49,"18,293","18,887",0.97,"37,180","3,273","3,067","5,161","5,332","5,595","6,885","5,017","1,839",848,156,7,"18,293","18,293","1,721","1,506","2,701","2,711","2,724","3,256","2,472",893,270,38,1.0,"18,887","18,887","1,552","1,561","2,460","2,621","2,871","3,629","2,545",946,578,118,6
45140-100181367,동산여울휴먼시아,0.0,0.0,569.38,0.0,0.0,0.0,0.0,전라북도 익산시 동천로1길 7,전라북도 익산시 동산동 1140,전라북도익산시동산동,4514057000,전라북도,익산시,동산동,4514011100,동산동,19950510,전라북도익산시동산동,"22,529",2.18,"11,075","11,454",0.97,"22,529","1,604","2,181","2,466","2,376","3,410","3,997","3,571","1,937",876,105,6,"11,075","11,075",788,"1,146","1,350","1,241","1,774","1,988","1,689",808,269,22,0.0,"11,454","11,454",816,"1,035","1,116","1,135","1,636","2,009","1,882","1,129",607,83,6
43150-15442,제천장락4주공아파트,0.0,774.2360000000001,9483.186,9445.304,0.0,164.0,164.0,충청북도 제천시 내토로59길 7,충청북도 제천시 장락동 1043,충청북도제천시장락동,4315051000,충청북도,제천시,교동,4315011600,장락동,19880423,충청북도제천시교동,"18,673",2.41,"9,193","9,480",0.97,"18,673","1,518","2,290","2,289","1,904","3,208","3,437","2,390","1,083",498,51,5,"9,193","9,193",772,"1,164","1,225",953,"1,534","1,712","1,194",454,176,9,0.0,"9,480","9,480",746,"1,126","1,064",951,"1,674","1,725","1,196",629,322,42,5
43750-11431,진천덕산주공아파트,0.0,10.12,194.88,0.0,0.0,0.0,0.0,충청북도 진천군 덕산읍 용몽1길 11,충청북도 진천군 덕산읍 용몽리 1052,충청북도진천군덕산읍용몽리,4375025300,충청북도,진천군,덕산읍,4375025330,용몽리,20190701,충청북도진천군덕산읍,"29,314",2.26,"15,483","13,831",1.12,"29,314","4,345","3,115","3,107","6,164","5,493","3,443","2,180",855,539,70,3,"15,483","15,483","2,233","1,580","1,726","3,335","3,037","1,866","1,106",388,195,17,0.0,"13,831","13,831","2,112","1,535","1,381","2,829","2,456","1,577","1,074",467,344,53,3
43750-3717,진천신정주공아파트,0.0,14.972999999999999,9.0,9.0,0.0,0.0,0.0,충청북도 진천군 진천읍 문화2길 14,충청북도 진천군 진천읍 신정리 824,충청북도진천군진천읍신정리,4375025000,충청북도,진천군,진천읍,4375025022,신정리,19880423,충청북도진천군진천읍,"30,130",2.11,"15,490","14,640",1.06,"30,130","2,138","3,334","3,916","3,109","4,908","5,328","3,956","2,092","1,191",156,2,"15,490","15,490","1,124","1,716","2,243","1,671","2,563","2,867","1,925",940,408,32,1.0,"14,640","14,640","1,014","1,618","1,673","1,438","2,345","2,461","2,031","1,152",783,124,1
47820-100188813,범곡휴먼시아,0.0,392.02,3399.58,3399.58,0.0,44.0,0.0,경상북도 청도군 화양읍 범곡길 3-11,경상북도 청도군 화양읍 범곡리 422,경상북도청도군화양읍범곡리,4782025000,경상북도,청도군,화양읍,4782025027,범곡리,19881001,경상북도청도군화양읍,"7,185",2.12,"3,520","3,665",0.96,"7,185",454,663,598,614,"1,006","1,185","1,309",797,486,72,1,"3,520","3,520",240,333,351,296,520,614,644,350,157,15,0.0,"3,665","3,665",214,330,247,318,486,571,665,447,329,57,1
42110-21227,퇴계7단지주공아파트,0.0,14.972999999999999,9.0,9.0,0.0,0.0,0.0,강원도 춘천시 승지골길16번길 14,강원도 춘천시 퇴계동 1025,강원도춘천시퇴계동,4211066000,강원도,춘천시,퇴계동,4211012300,퇴계동,19880423,강원도춘천시퇴계동,"49,745",2.5,"23,975","25,770",0.93,"49,745","4,354","5,850","6,414","6,181","8,357","8,369","5,902","2,557","1,525",232,4,"23,975","23,975","2,229","3,021","3,356","2,997","3,872","4,020","2,791","1,086",543,59,1.0,"25,770","25,770","2,125","2,829","3,058","3,184","4,485","4,349","3,111","1,471",982,173,3
41220-13226,반지마을주공아파트,0.0,0.0,5231.081,0.0,0.0,0.0,0.0,경기도 평택시 이충로 38,경기도 평택시 이충동 688,경기도평택시이충동,4122051000,경기도,평택시,중앙동,4122010900,이충동,19950510,경기도평택시중앙동,"44,218",2.2,"22,783","21,435",1.06,"44,218","2,829","4,819","7,302","5,408","7,508","8,186","4,708","2,229","1,095",131,3,"22,783","22,783","1,408","2,487","4,103","3,089","3,832","4,196","2,322",951,364,31,0.0,"21,435","21,435","1,421","2,332","3,199","2,319","3,676","3,990","2,386","1,278",731,100,3
47170-100190789,송현휴먼시아3단지,0.0,434.306,5451.773,5398.356,0.0,84.0,0.0,경상북도 안동시 송현길 16,경상북도 안동시 송현동 1145,경상북도안동시송현동,4717066000,경상북도,안동시,송하동,4717013600,송현동,19880423,경상북도안동시송하동,"16,142",2.29,"7,836","8,306",0.94,"16,142","1,505","1,732","1,944","2,072","2,589","2,722","2,108",888,497,82,3,"7,836","7,836",808,885,"1,034","1,040","1,256","1,277","1,022",360,142,12,0.0,"8,306","8,306",697,847,910,"1,032","1,333","1,445","1,086",528,355,70,3
41820-100188947,휴먼시아,0.0,720.37,5558.64,5490.71,0.0,95.0,0.0,경기도 가평군 가평읍 가화로 164,경기도 가평군 가평읍 읍내리 234,경기도가평군가평읍읍내리,4182025000,경기도,가평군,가평읍,4182025021,읍내리,19880423,경기도가평군가평읍,"19,432",2.07,"9,888","9,544",1.04,"19,432","1,116","1,657","2,206","1,845","2,635","3,359","3,439","1,907","1,105",147,16,"9,888","9,888",568,897,"1,216",968,"1,416","1,777","1,726",868,406,42,4.0,"9,544","9,544",548,760,990,877,"1,219","1,582","1,713","1,039",699,105,12
43112-100207671,성화 휴먼시아5단지,0.0,0.0,2013.592,0.0,0.0,0.0,0.0,충청북도 청주시 서원구 성봉로 93,충청북도 청주시 서원구 성화동 897,충청북도청주시서원구성화동,4311259000,충청북도,청주시 서원구,성화.개신.죽림동,4311210800,성화동,20140701,충청북도청주시서원구성화.개신.죽림동,"43,620",2.24,"21,448","22,172",0.97,"43,620","3,492","5,057","6,639","5,529","7,615","7,062","5,164","2,032",886,136,8,"21,448","21,448","1,814","2,651","3,530","2,774","3,683","3,370","2,367",914,316,25,4.0,"22,172","22,172","1,678","2,406","3,109","2,755","3,932","3,692","2,797","1,118",570,111,4
,,,,,,,,,전라북도 익산시 선화로1길 25-14,전라북도 익산시 모현동2가 674,전라북도익산시모현동2가,4514061000,전라북도,익산시,모현동,4514011500,모현동2가,19950510,전라북도익산시모현동,"38,365",2.45,"18,547","19,818",0.94,"38,365","3,550","4,326","4,614","4,350","6,231","6,203","5,058","2,617","1,224",186,6,"18,547","18,547","1,843","2,131","2,387","2,106","3,074","2,950","2,430","1,160",414,51,1.0,"19,818","19,818","1,707","2,195","2,227","2,244","3,157","3,253","2,628","1,457",810,135,5
48330-100204127,평산휴먼시아,0.0,388.84,4715.37,4649.85,0.0,60.0,0.0,경상남도 양산시 배움터길 11,경상남도 양산시 평산동 347,경상남도양산시평산동,4833056000,경상남도,양산시,평산동,4833011900,평산동,20070401,경상남도양산시평산동,"30,622",2.33,"14,912","15,710",0.95,"30,622","2,360","3,160","3,181","3,023","5,361","5,161","4,248","2,753","1,258",114,3,"14,912","14,912","1,210","1,619","1,730","1,504","2,718","2,603","1,872","1,151",474,30,1.0,"15,710","15,710","1,150","1,541","1,451","1,519","2,643","2,558","2,376","1,602",784,84,2
41430-100183409,포일 숲속마을 휴먼시아,0.0,551.423,5282.353,5282.353,0.0,84.0,0.0,경기도 의왕시 포일세거리로 23,경기도 의왕시 포일동 658,경기도의왕시포일동,4143054000,경기도,의왕시,내손1동,4143010900,포일동,19890101,경기도의왕시내손1동,"20,935",2.54,"10,283","10,652",0.97,"20,935","1,489","2,002","3,243","2,380","3,111","4,127","2,847","1,053",569,109,5,"10,283","10,283",775,"1,060","1,682","1,178","1,476","1,973","1,438",488,191,22,0.0,"10,652","10,652",714,942,"1,561","1,202","1,635","2,154","1,409",565,378,87,5
41430-100183409,포일 숲속마을 휴먼시아,0.0,551.423,5282.353,5282.353,0.0,84.0,0.0,경기도 의왕시 포일세거리로 23,경기도 의왕시 포일동 658,경기도의왕시포일동,4143055000,경기도,의왕시,내손2동,4143010900,포일동,20080630,경기도의왕시내손2동,"22,969",2.77,"11,305","11,664",0.97,"22,969","2,292","2,063","3,132","3,470","3,532","4,077","2,794",980,537,91,1,"11,305","11,305","1,184","1,075","1,623","1,683","1,759","1,940","1,408",431,182,20,0.0,"11,664","11,664","1,108",988,"1,509","1,787","1,773","2,137","1,386",549,355,71,1
41430-100183409,포일 숲속마을 휴먼시아,0.0,551.423,5282.353,5282.353,0.0,84.0,0.0,경기도 의왕시 포일세거리로 23,경기도 의왕시 포일동 658,경기도의왕시포일동,4143056000,경기도,의왕시,청계동,4143010900,포일동,19890101,경기도의왕시청계동,"37,180",2.49,"18,293","18,887",0.97,"37,180","3,273","3,067","5,161","5,332","5,595","6,885","5,017","1,839",848,156,7,"18,293","18,293","1,721","1,506","2,701","2,711","2,724","3,256","2,472",893,270,38,1.0,"18,887","18,887","1,552","1,561","2,460","2,621","2,871","3,629","2,545",946,578,118,6
29200-100226723,광주선운휴먼시아,0.0,524.29,5061.6,4981.18,0.0,94.0,0.0,광주광역시 광산구 선운중앙로 68,광주광역시 광산구 선암동 540,광주광역시광산구선암동,2920056500,광주광역시,광산구,어룡동,2920010700,선암동,19981015,광주광역시광산구어룡동,"32,918",2.38,"16,815","16,103",1.04,"32,918","3,844","3,712","4,013","5,365","6,131","4,596","3,149","1,390",620,92,6,"16,815","16,815","1,995","1,878","2,212","2,743","3,311","2,312","1,549",613,188,13,1.0,"16,103","16,103","1,849","1,834","1,801","2,622","2,820","2,284","1,600",777,432,79,5
26710-100204831,정관신도시엘에이치4단지,0.0,637.97,7985.43,7947.03,0.0,105.0,0.0,부산광역시 기장군 정관읍 산단4로 160,부산광역시 기장군 정관읍 달산리 1231,부산광역시기장군정관읍달산리,2671025600,부산광역시,기장군,정관읍,2671025625,달산리,20150923,부산광역시기장군정관읍,"81,775",2.6,"40,430","41,345",0.98,"81,775","11,740","10,763","6,674","12,788","18,665","8,610","6,994","3,948","1,403",186,4,"40,430","40,430","5,981","5,596","3,349","6,090","9,517","4,470","3,041","1,846",506,34,0.0,"41,345","41,345","5,759","5,167","3,325","6,698","9,148","4,140","3,953","2,102",897,152,4
41220-100226659,휴먼시아1단지,0.0,458.25,7174.04,7174.04,0.0,118.0,0.0,경기도 평택시 경기대로 506,경기도 평택시 비전동 1005,경기도평택시비전동,4122062000,경기도,평택시,비전1동,4122011800,비전동,19950510,경기도평택시비전1동,"88,566",2.41,"44,983","43,583",1.03,"88,566","11,312","9,655","11,612","17,050","16,892","12,029","6,283","2,459","1,121",149,4,"44,983","44,983","5,756","5,004","6,004","8,785","8,688","6,127","3,099","1,101",382,36,1.0,"43,583","43,583","5,556","4,651","5,608","8,265","8,204","5,902","3,184","1,358",739,113,3
41220-100226659,휴먼시아1단지,0.0,458.25,7174.04,7174.04,0.0,118.0,0.0,경기도 평택시 경기대로 506,경기도 평택시 비전동 1005,경기도평택시비전동,4122063000,경기도,평택시,비전2동,4122011800,비전동,19950510,경기도평택시비전2동,"54,049",2.56,"26,830","27,219",0.99,"54,049","5,705","6,178","7,301","8,055","9,428","8,739","5,154","2,216","1,144",121,8,"26,830","26,830","2,920","3,241","3,770","4,052","4,576","4,286","2,553",949,451,31,1.0,"27,219","27,219","2,785","2,937","3,531","4,003","4,852","4,453","2,601","1,267",693,90,7
48170-100210464,평거엘에이치5단지,0.0,554.36,6937.26,6937.26,0.0,90.0,0.0,경상남도 진주시 새평거로 70,경상남도 진주시 평거동 802,경상남도진주시평거동,4817071000,경상남도,진주시,평거동,4817012600,평거동,19880423,경상남도진주시평거동,"27,472",2.45,"13,142","14,330",0.92,"27,472","2,044","3,385","4,077","3,010","4,588","5,100","3,028","1,373",746,119,2,"13,142","13,142","1,025","1,753","2,175","1,498","2,031","2,392","1,457",551,237,23,0.0,"14,330","14,330","1,019","1,632","1,902","1,512","2,557","2,708","1,571",822,509,96,2
48170-100210464,평거엘에이치5단지,0.0,554.36,6937.26,6937.26,0.0,90.0,0.0,경상남도 진주시 새평거로 70,경상남도 진주시 평거동 802,경상남도진주시평거동,4817073000,경상남도,진주시,판문동,4817012600,평거동,19970701,경상남도진주시판문동,"21,104",2.66,"10,057","11,047",0.91,"21,104","2,322","2,988","2,343","2,408","4,088","3,225","2,271",980,428,50,1,"10,057","10,057","1,169","1,429","1,251","1,102","1,929","1,576","1,081",386,126,8,0.0,"11,047","11,047","1,153","1,559","1,092","1,306","2,159","1,649","1,190",594,302,42,1
47130-100234317,경주안강엘에이치아파트,0.0,410.47,3894.05,3894.05,0.0,70.0,0.0,경상북도 경주시 안강읍 안강중앙로 141,경상북도 경주시 안강읍 산대리 2435,경상북도경주시안강읍산대리,4713025300,경상북도,경주시,안강읍,4713025332,산대리,19950101,경상북도경주시안강읍,"24,444",2.0,"12,106","12,338",0.98,"24,444","1,093","1,980","2,231","1,699","3,242","4,931","4,491","2,912","1,670",187,8,"12,106","12,106",566,"1,013","1,267",929,"1,682","2,566","2,200","1,316",527,39,1.0,"12,338","12,338",527,967,964,770,"1,560","2,365","2,291","1,596","1,143",148,7
30200-100246516,엘에이치네이처뷰,0.0,582.54,7357.1,7104.51,0.0,98.0,0.0,대전광역시 유성구 지족로148번길 22,대전광역시 유성구 지족동 1050,대전광역시유성구지족동,3020054600,대전광역시,유성구,노은1동,3020012000,지족동,20070205,대전광역시유성구노은1동,"22,090",2.51,"10,951","11,139",0.98,"22,090","2,203","3,005","2,867","3,156","4,290","3,288","1,895",890,424,71,1,"10,951","10,951","1,152","1,533","1,482","1,580","2,023","1,698",903,412,154,13,1.0,"11,139","11,139","1,051","1,472","1,385","1,576","2,267","1,590",992,478,270,58,0
30200-100246516,엘에이치네이처뷰,0.0,582.54,7357.1,7104.51,0.0,98.0,0.0,대전광역시 유성구 지족로148번길 22,대전광역시 유성구 지족동 1050,대전광역시유성구지족동,3020054700,대전광역시,유성구,노은2동,3020012000,지족동,20070205,대전광역시유성구노은2동,"24,757",2.62,"12,171","12,586",0.97,"24,757","2,352","3,422","3,137","3,109","4,657","4,065","2,254","1,108",564,88,1,"12,171","12,171","1,223","1,761","1,613","1,533","2,190","2,047","1,093",484,209,18,0.0,"12,586","12,586","1,129","1,661","1,524","1,576","2,467","2,018","1,161",624,355,70,1
30200-100246516,엘에이치네이처뷰,0.0,582.54,7357.1,7104.51,0.0,98.0,0.0,대전광역시 유성구 지족로148번길 22,대전광역시 유성구 지족동 1050,대전광역시유성구지족동,3020054800,대전광역시,유성구,노은3동,3020012000,지족동,20150720,대전광역시유성구노은3동,"37,657",2.67,"18,494","19,163",0.97,"37,657","4,863","4,582","3,799","6,060","7,432","5,276","3,612","1,379",554,96,4,"18,494","18,494","2,465","2,325","2,004","2,900","3,600","2,581","1,721",675,205,18,0.0,"19,163","19,163","2,398","2,257","1,795","3,160","3,832","2,695","1,891",704,349,78,4
47150-100228397,경북혁신엘에이치천년나무3단지,0.0,411.25,5546.33,5376.6,0.0,54.0,0.0,경상북도 김천시 용전3로 10,경상북도 김천시 율곡동 768,경상북도김천시율곡동,4715064000,경상북도,김천시,율곡동,4715012000,율곡동,20140102,경상북도김천시율곡동,"22,662",2.54,"11,393","11,269",1.01,"22,662","4,119","2,656","2,311","4,689","4,519","2,637","1,145",386,164,35,1,"11,393","11,393","2,113","1,345","1,150","2,285","2,305","1,411",567,171,41,5,0.0,"11,269","11,269","2,006","1,311","1,161","2,404","2,214","1,226",578,215,123,30,1
42130-100258705,푸른숨엘에이치3단지,0.0,180.13,164.35,164.35,0.0,0.0,0.0,강원도 원주시 배울로 50,강원도 원주시 반곡동 2047-4,강원도원주시반곡동,4213067500,강원도,원주시,반곡관설동,4213011700,반곡동,19990101,강원도원주시반곡관설동,"44,533",2.4,"21,705","22,828",0.95,"44,533","5,252","5,776","5,341","7,343","8,871","6,480","3,449","1,253",649,113,6,"21,705","21,705","2,675","2,850","2,636","3,390","4,266","3,375","1,694",567,225,26,1.0,"22,828","22,828","2,577","2,926","2,705","3,953","4,605","3,105","1,755",686,424,87,5
31110-100195412,우정엘에이치1단지,0.0,480.14,3972.66,3972.66,0.0,58.0,0.0,울산광역시 중구 종가로 668-9,울산광역시 중구 서동 617,울산광역시중구서동,3111063000,울산광역시,중구,병영2동,3111011400,서동,19970715,울산광역시중구병영2동,"20,329",2.38,"10,273","10,056",1.02,"20,329","1,964","1,926","2,177","2,751","3,398","3,597","2,971","1,092",411,41,1,"10,273","10,273",982,"1,033","1,221","1,408","1,798","1,761","1,437",496,134,2,1.0,"10,056","10,056",982,893,956,"1,343","1,600","1,836","1,534",596,277,39,0
41360-100257790,미리내마을4-4단지,0.0,20.25,20.25,20.25,0.0,0.0,0.0,경기도 남양주시 별내3로 23,경기도 남양주시 별내동 1037,경기도남양주시별내동,4136057000,경기도,남양주시,별내동,4136011100,별내동,20120102,경기도남양주시별내동,"76,076",2.45,"36,991","39,085",0.95,"76,076","8,536","7,023","9,134","12,224","13,732","11,275","8,710","3,755","1,448",223,16,"36,991","36,991","4,328","3,465","4,522","5,903","6,859","5,403","4,155","1,803",506,43,4.0,"39,085","39,085","4,208","3,558","4,612","6,321","6,873","5,872","4,555","1,952",942,180,12
47250-100217231,상주무양엘에이치7단지,0.0,522.58,6091.89,6091.89,0.0,101.0,0.0,경상북도 상주시 동수4길 55,경상북도 상주시 무양동 300,경상북도상주시무양동,4725053000,경상북도,상주시,북문동,4725010900,무양동,19880423,경상북도상주시북문동,"9,003",2.12,"4,509","4,494",1.0,"9,003",709,824,976,"1,000","1,347","1,524","1,477",711,378,56,1,"4,509","4,509",355,444,547,513,677,798,723,317,127,8,0.0,"4,494","4,494",354,380,429,487,670,726,754,394,251,48,1
41220-100268248,엘에이치이곡마을3단지,0.0,0.0,15.55,15.55,0.0,0.0,0.0,경기도 평택시 비전2로 70,경기도 평택시 비전동 1008,경기도평택시비전동,4122062000,경기도,평택시,비전1동,4122011800,비전동,19950510,경기도평택시비전1동,"88,566",2.41,"44,983","43,583",1.03,"88,566","11,312","9,655","11,612","17,050","16,892","12,029","6,283","2,459","1,121",149,4,"44,983","44,983","5,756","5,004","6,004","8,785","8,688","6,127","3,099","1,101",382,36,1.0,"43,583","43,583","5,556","4,651","5,608","8,265","8,204","5,902","3,184","1,358",739,113,3
41220-100268248,엘에이치이곡마을3단지,0.0,0.0,15.55,15.55,0.0,0.0,0.0,경기도 평택시 비전2로 70,경기도 평택시 비전동 1008,경기도평택시비전동,4122063000,경기도,평택시,비전2동,4122011800,비전동,19950510,경기도평택시비전2동,"54,049",2.56,"26,830","27,219",0.99,"54,049","5,705","6,178","7,301","8,055","9,428","8,739","5,154","2,216","1,144",121,8,"26,830","26,830","2,920","3,241","3,770","4,052","4,576","4,286","2,553",949,451,31,1.0,"27,219","27,219","2,785","2,937","3,531","4,003","4,852","4,453","2,601","1,267",693,90,7
47720-100199427,군위서부엘에이치천년나무1단지,0.0,609.27,6876.44,6825.62,0.0,106.0,0.0,경상북도 군위군 군위읍 동산새길 50,경상북도 군위군 군위읍 서부리 120,경상북도군위군군위읍서부리,4772025000,경상북도,군위군,군위읍,4772025022,서부리,19881001,경상북도군위군군위읍,"8,098",1.94,"4,186","3,912",1.07,"8,098",396,563,699,595,"1,067","1,476","1,535","1,047",637,77,6,"4,186","4,186",217,323,413,330,569,817,790,489,220,17,1.0,"3,912","3,912",179,240,286,265,498,659,745,558,417,60,5
44230-100225491,엘에이치논산내동1단지,0.0,287.82,269.1,0.0,0.0,0.0,0.0,충청남도 논산시 시민로132번길 10,충청남도 논산시 내동 1108,충청남도논산시내동,4423051000,충청남도,논산시,취암동,4423010900,내동,19960301,충청남도논산시취암동,"35,011",2.15,"17,430","17,581",0.99,"35,011","3,286","3,928","4,470","4,504","5,851","5,497","4,142","2,112","1,066",147,8,"17,430","17,430","1,668","2,030","2,400","2,316","2,920","2,756","2,003",934,362,38,3.0,"17,581","17,581","1,618","1,898","2,070","2,188","2,931","2,741","2,139","1,178",704,109,5
41220-100311293,이곡마을6단지,0.0,0.0,115.81,0.0,0.0,0.0,0.0,경기도 평택시 평남로 962,경기도 평택시 비전동 968,경기도평택시비전동,4122062000,경기도,평택시,비전1동,4122011800,비전동,19950510,경기도평택시비전1동,"88,566",2.41,"44,983","43,583",1.03,"88,566","11,312","9,655","11,612","17,050","16,892","12,029","6,283","2,459","1,121",149,4,"44,983","44,983","5,756","5,004","6,004","8,785","8,688","6,127","3,099","1,101",382,36,1.0,"43,583","43,583","5,556","4,651","5,608","8,265","8,204","5,902","3,184","1,358",739,113,3
41220-100311293,이곡마을6단지,0.0,0.0,115.81,0.0,0.0,0.0,0.0,경기도 평택시 평남로 962,경기도 평택시 비전동 968,경기도평택시비전동,4122063000,경기도,평택시,비전2동,4122011800,비전동,19950510,경기도평택시비전2동,"54,049",2.56,"26,830","27,219",0.99,"54,049","5,705","6,178","7,301","8,055","9,428","8,739","5,154","2,216","1,144",121,8,"26,830","26,830","2,920","3,241","3,770","4,052","4,576","4,286","2,553",949,451,31,1.0,"27,219","27,219","2,785","2,937","3,531","4,003","4,852","4,453","2,601","1,267",693,90,7
48125-3000129187,창원현동엘에이치아파트,0.0,188.13,184.66,0.0,0.0,0.0,0.0,경상남도 창원시 마산합포구 현동3길 1,경상남도 창원시 마산합포구 우산동 100,경상남도창원시마산합포구우산동,4812551000,경상남도,창원시 마산합포구,현동,4812513800,우산동,20100701,경상남도창원시마산합포구현동,"14,101",2.51,"6,990","7,111",0.98,"14,101","2,094","1,236","1,179","2,347","2,502","1,912","1,742",763,288,38,0,"6,990","6,990","1,085",608,605,"1,135","1,326",955,810,363,94,9,0.0,"7,111","7,111","1,009",628,574,"1,212","1,176",957,932,400,194,29,0
27710-100246702,대구테크노폴리스엘에이치천년나무1단지,0.0,0.0,24779.12,0.0,0.0,0.0,0.0,대구광역시 달성군 현풍읍 테크노북로2길 10,대구광역시 달성군 현풍읍 중리 487,대구광역시달성군현풍읍중리,2771026500,대구광역시,달성군,현풍읍,2771026522,중리,20181101,대구광역시달성군현풍읍,"23,186",1.96,"12,173","11,013",1.11,"23,186","2,391","1,697","3,178","4,329","3,601","3,180","2,714","1,361",661,71,3,"12,173","12,173","1,215",886,"1,836","2,494","2,014","1,609","1,334",582,189,13,1.0,"11,013","11,013","1,176",811,"1,342","1,835","1,587","1,571","1,380",779,472,58,2
43770-100225062,천년나무1단지,0.0,0.0,4966.23,0.0,0.0,0.0,0.0,충청북도 음성군 맹동면 이수로 31,충청북도 음성군 맹동면 동성리 228,충청북도음성군맹동면동성리,4377033000,충청북도,음성군,맹동면,4377033031,동성리,20141010,충청북도음성군맹동면,"12,978",2.2,"6,884","6,094",1.13,"12,978","1,527","1,070","1,361","2,314","2,203","1,812","1,569",688,371,63,0,"6,884","6,884",813,544,715,"1,239","1,216",994,890,328,133,12,0.0,"6,094","6,094",714,526,646,"1,075",987,818,679,360,238,51,0
48730-100214653,함안도항엘에이치3단지아파트,0.0,487.9,3373.52,3358.39,0.0,70.0,0.0,경상남도 함안군 가야읍 성내북길 77,경상남도 함안군 가야읍 도항리 306,경상남도함안군가야읍도항리,4873025000,경상남도,함안군,가야읍,4873025024,도항리,19880423,경상남도함안군가야읍,"18,317",2.18,"9,222","9,095",1.01,"18,317","1,199","1,969","1,959","1,750","2,780","3,342","2,848","1,474",873,121,2,"9,222","9,222",616,"1,069","1,155",871,"1,450","1,749","1,403",630,252,27,0.0,"9,095","9,095",583,900,804,879,"1,330","1,593","1,445",844,621,94,2
27140-100248830,대구신서혁신엘에이치천년나무14단지,0.0,571.25,4416.39,4416.39,0.0,78.0,0.0,대구광역시 동구 초례로16길 3,대구광역시 동구 숙천동 381,대구광역시동구숙천동,2714074200,대구광역시,동구,안심3동,2714013000,숙천동,20200706,대구광역시동구안심3동,"21,259",2.58,"10,302","10,957",0.94,"21,259","2,366","2,685","2,165","3,003","4,220","2,882","2,015","1,321",542,59,1,"10,302","10,302","1,189","1,327","1,104","1,454","2,031","1,477",907,589,209,15,0.0,"10,957","10,957","1,177","1,358","1,061","1,549","2,189","1,405","1,108",732,333,44,1
27140-100248830,대구신서혁신엘에이치천년나무14단지,0.0,571.25,4416.39,4416.39,0.0,78.0,0.0,대구광역시 동구 초례로16길 3,대구광역시 동구 숙천동 381,대구광역시동구숙천동,2714075500,대구광역시,동구,혁신동,2714013000,숙천동,20200706,대구광역시동구혁신동,"18,683",2.2,"9,240","9,443",0.98,"18,683","2,980","1,516","1,879","4,464","3,555","1,769","1,537",699,246,35,3,"9,240","9,240","1,523",765,872,"2,284","1,885",804,717,308,76,6,0.0,"9,443","9,443","1,457",751,"1,007","2,180","1,670",965,820,391,170,29,3
42130-100281604,원주흥업엘에이치천년나무2,0.0,328.23,323.13,323.13,0.0,0.0,0.0,강원도 원주시 흥업면 남원로 52,강원도 원주시 흥업면 흥업리 1841,강원도원주시흥업면흥업리,4213037000,강원도,원주시,흥업면,4213037021,흥업리,19950101,강원도원주시흥업면,"8,632",1.82,"4,543","4,089",1.11,"8,632",416,627,"1,337",792,"1,146","1,538","1,590",664,470,50,2,"4,543","4,543",206,324,774,438,625,839,844,314,168,10,1.0,"4,089","4,089",210,303,563,354,521,699,746,350,302,40,1
48250-102148799,센텀큐브,0.0,1795.57,31585.78,10259.43,0.0,76.0,0.0,경상남도 김해시 진영읍 김해대로 461,경상남도 김해시 진영읍 여래리 971,경상남도김해시진영읍여래리,4825025000,경상남도,김해시,진영읍,4825025027,여래리,19950510,경상남도김해시진영읍,"55,651",2.33,"28,675","26,976",1.06,"55,651","6,295","6,127","5,305","8,489","10,913","8,320","6,192","2,648","1,195",164,3,"28,675","28,675","3,262","3,173","2,961","4,407","5,844","4,328","3,077","1,205",391,27,0.0,"26,976","26,976","3,033","2,954","2,344","4,082","5,069","3,992","3,115","1,443",804,137,3
,,,,,,,,,경기도 안성시 아양로 73,경기도 안성시 아양동 341-1,경기도안성시아양동,4155052000,경기도,안성시,안성2동,4155011900,아양동,19980401,경기도안성시안성2동,"24,463",2.21,"12,416","12,047",1.03,"24,463","2,074","2,587","3,700","3,292","4,089","3,898","2,850","1,277",615,81,0,"12,416","12,416","1,076","1,348","1,976","1,740","2,111","1,994","1,401",554,195,21,0.0,"12,047","12,047",998,"1,239","1,724","1,552","1,978","1,904","1,449",723,420,60,0
41360-100324165,별사랑마을2-5단지,0.0,274.1,204.33,204.33,0.0,0.0,0.0,경기도 남양주시 별내5로 189,경기도 남양주시 별내동 897,경기도남양주시별내동,4136057000,경기도,남양주시,별내동,4136011100,별내동,20120102,경기도남양주시별내동,"76,076",2.45,"36,991","39,085",0.95,"76,076","8,536","7,023","9,134","12,224","13,732","11,275","8,710","3,755","1,448",223,16,"36,991","36,991","4,328","3,465","4,522","5,903","6,859","5,403","4,155","1,803",506,43,4.0,"39,085","39,085","4,208","3,558","4,612","6,321","6,873","5,872","4,555","1,952",942,180,12
36110-5000136930,새뜸마을8단지,0.0,246.94,640.24,0.0,0.0,0.0,0.0,세종특별자치시 새롬중앙로 20,세종특별자치시 새롬동 607,세종특별자치시새롬동,3611051500,세종특별자치시,,새롬동,3611010800,새롬동,20171016,세종특별자치시새롬동,"32,196",2.45,"15,597","16,599",0.94,"32,196","4,602","4,358","3,796","6,381","6,753","3,660","1,809",574,206,57,0,"15,597","15,597","2,338","2,092","1,734","3,005","3,370","1,866",860,267,57,8,0.0,"16,599","16,599","2,264","2,266","2,062","3,376","3,383","1,794",949,307,149,49,0
43150-100267567,제천강저리슈빌엔에이치에프,0.0,449.42,433.39,433.39,0.0,0.0,0.0,충청북도 제천시 청풍호로7길 76,충청북도 제천시 영천동 2234,충청북도제천시영천동,4315054700,충청북도,제천시,영서동,4315011000,영천동,20110101,충청북도제천시영서동,"10,247",2.07,"5,137","5,110",1.01,"10,247",778,902,"1,054","1,103","1,446","1,730","1,697",983,482,57,15,"5,137","5,137",413,476,595,550,773,875,822,432,181,13,7.0,"5,110","5,110",365,426,459,553,673,855,875,551,301,44,8
42110-100267779,춘천우두엘에이치천년나무1단지,0.0,3.47,154.32,0.0,0.0,0.0,0.0,강원도 춘천시 우두로 130,강원도 춘천시 우두동 1086,강원도춘천시우두동,4211070500,강원도,춘천시,신사우동,4211011800,우두동,19981012,강원도춘천시신사우동,"23,027",2.41,"11,585","11,442",1.01,"23,027","2,271","2,287","2,861","3,097","3,609","3,504","2,874","1,540",848,134,2,"11,585","11,585","1,211","1,223","1,626","1,518","1,812","1,793","1,367",694,311,30,0.0,"11,442","11,442","1,060","1,064","1,235","1,579","1,797","1,711","1,507",846,537,104,2
42150-100260963,엘에이치미디어촌5단지,0.0,23.52,23.52,23.52,0.0,0.0,0.0,강원도 강릉시 선수촌로 11,강원도 강릉시 홍제동 1039,강원도강릉시홍제동,4215051000,강원도,강릉시,홍제동,4215010100,홍제동,19880423,강원도강릉시홍제동,"15,481",2.17,"7,539","7,942",0.95,"15,481","1,359","1,545","1,724","2,004","2,647","2,507","1,999","1,079",518,94,5,"7,539","7,539",700,774,883,"1,022","1,286","1,244",948,482,180,20,0.0,"7,942","7,942",659,771,841,982,"1,361","1,263","1,051",597,338,74,5
48250-102149465,김해진영엘에이치천년나무2단지,0.0,0.0,123.62,0.0,0.0,0.0,0.0,경상남도 김해시 진영읍 김해대로 464-48,경상남도 김해시 진영읍 여래리 984,경상남도김해시진영읍여래리,4825025000,경상남도,김해시,진영읍,4825025027,여래리,19950510,경상남도김해시진영읍,"55,651",2.33,"28,675","26,976",1.06,"55,651","6,295","6,127","5,305","8,489","10,913","8,320","6,192","2,648","1,195",164,3,"28,675","28,675","3,262","3,173","2,961","4,407","5,844","4,328","3,077","1,205",391,27,0.0,"26,976","26,976","3,033","2,954","2,344","4,082","5,069","3,992","3,115","1,443",804,137,3
48330-100311829,양산물금엘에이치천년나무아파트,0.0,58.53,249.58,249.58,0.0,0.0,0.0,경상남도 양산시 물금읍 청운로 42,경상남도 양산시 물금읍 물금리 896-1,경상남도양산시물금읍물금리,4833025300,경상남도,양산시,물금읍,4833025321,물금리,19960301,경상남도양산시물금읍,"120,892",2.52,"59,738","61,154",0.98,"120,892","15,713","12,811","14,090","20,744","22,457","17,027","11,434","4,568","1,797",247,4,"59,738","59,738","7,984","6,535","7,024","10,265","11,244","8,381","5,571","2,114",576,44,0.0,"61,154","61,154","7,729","6,276","7,066","10,479","11,213","8,646","5,863","2,454","1,221",203,4
36110-5000152676,호려울마을2단지,0.0,0.0,295.96,0.0,0.0,0.0,0.0,세종특별자치시 보람1길 12,세종특별자치시 보람동 732,세종특별자치시보람동,3611056000,세종특별자치시,,보람동,3611010300,보람동,20170206,세종특별자치시보람동,"19,373",2.79,"9,480","9,893",0.96,"19,373","3,099","2,587","1,854","3,514","3,956","2,360","1,370",448,153,32,0,"9,480","9,480","1,569","1,317",899,"1,608","1,966","1,200",655,218,43,5,0.0,"9,893","9,893","1,530","1,270",955,"1,906","1,990","1,160",715,230,110,27,0
46860-100211719,엘에이치함평향교1단지,0.0,379.41,2332.4,2319.46,0.0,48.0,0.0,전라남도 함평군 대동면 영수길 367,전라남도 함평군 대동면 향교리 1428,전라남도함평군대동면향교리,4686035000,전라남도,함평군,대동면,4686035026,향교리,19880423,전라남도함평군대동면,"3,116",1.78,"1,609","1,507",1.07,"3,116",92,259,241,171,266,572,578,512,366,56,3,"1,609","1,609",50,146,153,105,144,357,298,227,119,10,0.0,"1,507","1,507",42,113,88,66,122,215,280,285,247,46,3
41461-100416835,용인김량장행복주택,0.0,0.0,55.95,0.0,0.0,0.0,0.0,경기도 용인시 처인구 금령로40번길 15-5,경기도 용인시 처인구 김량장동 338-7,경기도용인시처인구김량장동,4146151000,경기도,용인시 처인구,중앙동,4146110100,김량장동,20051031,경기도용인시처인구중앙동,"24,927",2.06,"12,616","12,311",1.02,"24,927","1,557","2,197","4,414","3,207","3,865","4,217","3,172","1,475",713,103,7,"12,616","12,616",784,"1,115","2,324","1,759","2,020","2,124","1,555",657,253,22,3.0,"12,311","12,311",773,"1,082","2,090","1,448","1,845","2,093","1,617",818,460,81,4
30140-100213999,대전목동엘에이치행복주택2단지,0.0,0.0,79.34,0.0,0.0,0.0,0.0,대전광역시 중구 목중로39번길 35-14,대전광역시 중구 목동 363-3,대전광역시중구목동,3014055000,대전광역시,중구,목동,3014010300,목동,19950101,대전광역시중구목동,"14,533",2.94,"6,946","7,587",0.92,"14,533","1,438","2,464","1,573","1,472","3,246","2,054","1,240",691,311,39,5,"6,946","6,946",732,"1,215",776,654,"1,519","1,086",547,285,121,10,1.0,"7,587","7,587",706,"1,249",797,818,"1,727",968,693,406,190,29,4
27290-100271236,대구대곡수목원풍경그린,0.0,160.31,106.23,106.23,0.0,0.0,0.0,대구광역시 달서구 갈밭남로 64,대구광역시 달서구 대곡동 1138,대구광역시달서구대곡동,2729061500,대구광역시,달서구,진천동,2729012300,대곡동,19960201,대구광역시달서구진천동,"76,458",2.65,"37,563","38,895",0.97,"76,458","8,626","8,337","9,017","10,915","13,680","11,956","8,511","3,692","1,528",192,4,"37,563","37,563","4,414","4,373","4,803","5,335","6,654","5,661","4,056","1,681",542,43,1.0,"38,895","38,895","4,212","3,964","4,214","5,580","7,026","6,295","4,455","2,011",986,149,3
41220-100418578,배다리마을5단지,0.0,323.0,323.0,323.0,0.0,0.0,0.0,경기도 평택시 죽백4로 60,경기도 평택시 죽백동 815,경기도평택시죽백동,4122062000,경기도,평택시,비전1동,4122012700,죽백동,19950510,경기도평택시비전1동,"88,566",2.41,"44,983","43,583",1.03,"88,566","11,312","9,655","11,612","17,050","16,892","12,029","6,283","2,459","1,121",149,4,"44,983","44,983","5,756","5,004","6,004","8,785","8,688","6,127","3,099","1,101",382,36,1.0,"43,583","43,583","5,556","4,651","5,608","8,265","8,204","5,902","3,184","1,358",739,113,3
29155-130033395,엘에이치송화마을8단지,0.0,13.65,13.65,13.65,0.0,0.0,0.0,광주광역시 남구 노대실로 9,광주광역시 남구 노대동 825,광주광역시남구노대동,2915571000,광주광역시,남구,효덕동,2915510700,노대동,19950301,광주광역시남구효덕동,"45,638",2.43,"21,538","24,100",0.89,"45,638","3,771","5,807","6,361","5,195","7,690","6,843","5,388","3,091","1,285",200,7,"21,538","21,538","1,876","2,815","3,222","2,451","3,582","3,196","2,427","1,416",505,48,0.0,"24,100","24,100","1,895","2,992","3,139","2,744","4,108","3,647","2,961","1,675",780,152,7
48129-3000219035,창원석동엘에이치아파트,0.0,200.25,200.25,200.25,0.0,0.0,0.0,경상남도 창원시 진해구 냉천로 125,경상남도 창원시 진해구 석동 662,경상남도창원시진해구석동,4812957000,경상남도,창원시 진해구,병암동,4812914000,석동,20100701,경상남도창원시진해구병암동,"7,478",2.22,"3,695","3,783",0.98,"7,478",533,764,774,781,"1,250","1,153","1,197",666,320,39,1,"3,695","3,695",276,410,418,417,641,556,560,301,112,3,1.0,"3,783","3,783",257,354,356,364,609,597,637,365,208,36,0
48129-3000219035,창원석동엘에이치아파트,0.0,200.25,200.25,200.25,0.0,0.0,0.0,경상남도 창원시 진해구 냉천로 125,경상남도 창원시 진해구 석동 662,경상남도창원시진해구석동,4812958000,경상남도,창원시 진해구,석동,4812914000,석동,20100701,경상남도창원시진해구석동,"17,433",2.49,"8,921","8,512",1.05,"17,433","1,428","2,415","2,158","2,118","3,403","2,771","2,030",763,300,45,2,"8,921","8,921",726,"1,251","1,234","1,117","1,637","1,445","1,026",361,113,11,0.0,"8,512","8,512",702,"1,164",924,"1,001","1,766","1,326","1,004",402,187,34,2
48129-3000219035,창원석동엘에이치아파트,0.0,200.25,200.25,200.25,0.0,0.0,0.0,경상남도 창원시 진해구 냉천로 125,경상남도 창원시 진해구 석동 662,경상남도창원시진해구석동,4812959000,경상남도,창원시 진해구,이동,4812914000,석동,20100701,경상남도창원시진해구이동,"8,593",1.84,"4,549","4,044",1.12,"8,593",345,528,"1,079",969,"1,299","1,509","1,681",818,321,43,1,"4,549","4,549",185,297,646,598,763,764,797,385,110,4,0.0,"4,044","4,044",160,231,433,371,536,745,884,433,211,39,1
36110-5000172171,세종서창행복주택,0.0,518.85,2434.71,2434.71,0.0,46.0,0.0,세종특별자치시 조치원읍 조치원중고길 7,세종특별자치시 조치원읍 서창리 25-1,세종특별자치시조치원읍서창리,3611025000,세종특별자치시,,조치원읍,3611025034,서창리,20120701,세종특별자치시조치원읍,"43,272",2.09,"22,485","20,787",1.08,"43,272","3,127","4,148","6,534","5,462","6,855","6,601","5,631","3,078","1,578",250,8,"22,485","22,485","1,606","2,125","3,726","2,996","3,676","3,513","2,815","1,365",597,65,1.0,"20,787","20,787","1,521","2,023","2,808","2,466","3,179","3,088","2,816","1,713",981,185,7
26710-100267783,부산정관행복주택,0.0,0.0,175.48,0.0,0.0,0.0,0.0,부산광역시 기장군 정관읍 정관1로 51,부산광역시 기장군 정관읍 모전리 717,부산광역시기장군정관읍모전리,2671025600,부산광역시,기장군,정관읍,2671025627,모전리,20150923,부산광역시기장군정관읍,"81,775",2.6,"40,430","41,345",0.98,"81,775","11,740","10,763","6,674","12,788","18,665","8,610","6,994","3,948","1,403",186,4,"40,430","40,430","5,981","5,596","3,349","6,090","9,517","4,470","3,041","1,846",506,34,0.0,"41,345","41,345","5,759","5,167","3,325","6,698","9,148","4,140","3,953","2,102",897,152,4
41360-100379747,남양주장현행복주택2단지,0.0,476.58,6095.51,6030.4,0.0,200.0,0.0,경기도 남양주시 진접읍 금강로 1530-33,경기도 남양주시 진접읍 장현리 50-3,경기도남양주시진접읍장현리,4136025300,경기도,남양주시,진접읍,4136025321,장현리,19950101,경기도남양주시진접읍,"92,857",2.49,"46,837","46,020",1.02,"92,857","7,934","11,401","10,628","9,980","17,157","15,315","11,491","5,983","2,628",324,16,"46,837","46,837","4,125","5,888","5,638","4,952","8,600","8,125","5,746","2,677",997,87,2.0,"46,020","46,020","3,809","5,513","4,990","5,028","8,557","7,190","5,745","3,306","1,631",237,14
31200-100260443,울산송정엘에이치1단지,0.0,1032.85,13955.25,13835.13,0.0,330.0,0.0,울산광역시 북구 박상진4로 56,울산광역시 북구 화봉동 1491-2,울산광역시북구화봉동,3120057000,울산광역시,북구,송정동,3120012500,화봉동,19970715,울산광역시북구송정동,"36,060",2.66,"18,400","17,660",1.04,"36,060","4,364","3,629","4,913","6,143","5,913","6,632","3,025",966,409,66,0,"18,400","18,400","2,274","1,869","2,718","3,103","2,907","3,308","1,623",481,108,9,0.0,"17,660","17,660","2,090","1,760","2,195","3,040","3,006","3,324","1,402",485,301,57,0
43760-100223286,괴산동부엘에이치행복마을,0.0,115.18,115.18,115.18,0.0,0.0,0.0,충청북도 괴산군 괴산읍 남산길 43,충청북도 괴산군 괴산읍 동부리 149,충청북도괴산군괴산읍동부리,4376025000,충청북도,괴산군,괴산읍,4376025021,동부리,19880423,충청북도괴산군괴산읍,"9,770",1.91,"5,006","4,764",1.05,"9,770",609,886,"1,173",951,"1,425","1,639","1,571",939,526,49,2,"5,006","5,006",312,451,673,511,768,901,778,410,189,12,1.0,"4,764","4,764",297,435,500,440,657,738,793,529,337,37,1
45140-100273742,익산부송1주공아파트,0.0,614.39,9211.35,8633.07,0.0,239.0,0.0,전라북도 익산시 무왕로22길 12,전라북도 익산시 부송동 1069,전라북도익산시부송동,4514069000,전라북도,익산시,삼성동,4514013400,부송동,19950510,전라북도익산시삼성동,"32,354",2.42,"16,065","16,289",0.99,"32,354","2,530","4,245","4,530","3,490","5,743","5,970","3,334","1,577",820,114,1,"16,065","16,065","1,272","2,130","2,453","1,760","2,745","3,052","1,732",690,213,17,1.0,"16,289","16,289","1,258","2,115","2,077","1,730","2,998","2,918","1,602",887,607,97,0
29200-100326779,광주첨단엘에이치3단지,0.0,0.0,18.18,0.0,0.0,0.0,0.0,광주광역시 광산구 임방울대로800번길 11-5,광주광역시 광산구 월계동 869-2,광주광역시광산구월계동,2920062000,광주광역시,광산구,비아동,2920011500,월계동,19970701,광주광역시광산구비아동,"7,233",2.14,"3,813","3,420",1.11,"7,233",642,751,857,883,"1,353","1,372",722,403,221,29,0,"3,813","3,813",322,402,482,467,729,777,386,181,59,8,0.0,"3,420","3,420",320,349,375,416,624,595,336,222,162,21,0
29200-100326779,광주첨단엘에이치3단지,0.0,0.0,18.18,0.0,0.0,0.0,0.0,광주광역시 광산구 임방울대로800번길 11-5,광주광역시 광산구 월계동 869-2,광주광역시광산구월계동,2920062400,광주광역시,광산구,첨단1동,2920011500,월계동,20030630,광주광역시광산구첨단1동,"27,517",2.67,"13,655","13,862",0.99,"27,517","1,973","3,422","5,104","3,451","4,292","5,516","2,434",830,418,75,2,"13,655","13,655","1,007","1,726","2,693","1,769","1,955","2,655","1,316",369,153,11,1.0,"13,862","13,862",966,"1,696","2,411","1,682","2,337","2,861","1,118",461,265,64,1
29200-100326779,광주첨단엘에이치3단지,0.0,0.0,18.18,0.0,0.0,0.0,0.0,광주광역시 광산구 임방울대로800번길 11-5,광주광역시 광산구 월계동 869-2,광주광역시광산구월계동,2920062600,광주광역시,광산구,첨단2동,2920011500,월계동,20030630,광주광역시광산구첨단2동,"43,428",2.4,"21,875","21,553",1.01,"43,428","3,740","5,531","7,869","5,798","7,937","7,701","2,984","1,171",612,81,4,"21,875","21,875","1,916","2,861","4,166","3,024","3,751","3,926","1,564",478,178,11,0.0,"21,553","21,553","1,824","2,670","3,703","2,774","4,186","3,775","1,420",693,434,70,4
46130-100294073,여수관문행복주택,0.0,709.58,3427.73,0.0,0.0,0.0,0.0,전라남도 여수시 관문1길 14,전라남도 여수시 관문동 251-2,전라남도여수시관문동,4613051500,전라남도,여수시,동문동,4613010400,관문동,19970725,전라남도여수시동문동,"4,705",1.82,"2,388","2,317",1.03,"4,705",237,288,478,457,565,687,962,739,251,41,0,"2,388","2,388",105,155,274,262,338,365,442,352,87,8,0.0,"2,317","2,317",132,133,204,195,227,322,520,387,164,33,0
41220-100461685,평택청북엘에이치비12단지,0.0,0.0,177.88,177.88,0.0,0.0,0.0,경기도 평택시 청북읍 안청로1길 21,경기도 평택시 청북읍 옥길리 1125,경기도평택시청북읍옥길리,4122025900,경기도,평택시,청북읍,4122025924,옥길리,20160728,경기도평택시청북읍,"27,083",2.44,"14,301","12,782",1.12,"27,083","3,958","3,290","2,416","4,778","5,552","3,012","2,289","1,095",581,108,4,"14,301","14,301","2,018","1,707","1,338","2,480","3,133","1,707","1,159",544,191,24,0.0,"12,782","12,782","1,940","1,583","1,078","2,298","2,419","1,305","1,130",551,390,84,4
43130-100283541,충주호암 행복주택,0.0,0.0,18.73,0.0,0.0,0.0,0.0,충청북도 충주시 호암수청1로 30,충청북도 충주시 호암동 1067,충청북도충주시호암동,4313058000,충청북도,충주시,호암.직동,4313010700,호암동,19880423,충청북도충주시호암.직동,"18,468",2.51,"9,162","9,306",0.98,"18,468","2,012","2,395","2,173","2,620","3,391","2,863","1,822",761,375,55,1,"9,162","9,162","1,016","1,216","1,183","1,306","1,664","1,414",899,344,117,3,0.0,"9,306","9,306",996,"1,179",990,"1,314","1,727","1,449",923,417,258,52,1
50130-100342705,서귀포성산엘에이치아파트,0.0,40.92,40.92,40.92,0.0,0.0,0.0,제주특별자치도 서귀포시 성산읍 고성동서로 33,제주특별자치도 서귀포시 성산읍 고성리 1141-1,제주특별자치도서귀포시성산읍고성리,5013025900,제주특별자치도,서귀포시,성산읍,5013025924,고성리,20060701,제주특별자치도서귀포시성산읍,"15,478",1.9,"8,105","7,373",1.1,"15,478",899,"1,045","1,413","1,437","2,104","3,128","2,780","1,537",952,175,8,"8,105","8,105",468,557,764,775,"1,228","1,743","1,507",732,308,23,0.0,"7,373","7,373",431,488,649,662,876,"1,385","1,273",805,644,152,8
43130-100285480,충주호암1단지,0.0,211.05,207.45,207.45,0.0,0.0,0.0,충청북도 충주시 호암수청2로 56,충청북도 충주시 호암동 1066,충청북도충주시호암동,4313058000,충청북도,충주시,호암.직동,4313010700,호암동,19880423,충청북도충주시호암.직동,"18,468",2.51,"9,162","9,306",0.98,"18,468","2,012","2,395","2,173","2,620","3,391","2,863","1,822",761,375,55,1,"9,162","9,162","1,016","1,216","1,183","1,306","1,664","1,414",899,344,117,3,0.0,"9,306","9,306",996,"1,179",990,"1,314","1,727","1,449",923,417,258,52,1
42790-100205071,화천신읍 공공실버주택,0.0,34.44,0.0,0.0,0.0,0.0,0.0,강원도 화천군 화천읍 산천어길 196,강원도 화천군 화천읍 신읍리 1818,강원도화천군화천읍신읍리,4279025000,강원도,화천군,화천읍,4279025025,신읍리,19880423,강원도화천군화천읍,"8,365",2.1,"4,370","3,995",1.09,"8,365",687,741,"1,165","1,001","1,120","1,289","1,149",722,435,52,4,"4,370","4,370",356,373,711,562,597,695,617,301,145,12,1.0,"3,995","3,995",331,368,454,439,523,594,532,421,290,40,3
,,,,,,,,,경상남도 창원시 마산합포구 가포본동5길 37,경상남도 창원시 마산합포구 가포동 58-2,경상남도창원시마산합포구가포동,4812552000,경상남도,창원시 마산합포구,가포동,4812510100,가포동,20100701,경상남도창원시마산합포구가포동,960,1.62,506,454,1.11,960,46,34,128,101,113,156,218,113,45,6,0,506,506,24,18,72,54,58,90,115,61,10,4,0.0,454,454,22,16,56,47,55,66,103,52,35,2,0
45180-100249993,정읍첨단LH1단지,0.0,22.04,22.04,22.04,0.0,0.0,0.0,전라북도 정읍시 첨단3로 7,전라북도 정읍시 신정동 1494-1,전라북도정읍시신정동,4518059500,전라북도,정읍시,상교동,4518012700,신정동,19981030,전라북도정읍시상교동,"3,900",1.74,"2,006","1,894",1.06,"3,900",127,225,426,299,420,685,700,555,395,63,5,"2,006","2,006",68,120,239,177,240,387,368,244,148,14,1.0,"1,894","1,894",59,105,187,122,180,298,332,311,247,49,4
