subway_name,위도,경도,환승역 수
가능역,127.044288264841,37.7483963196456,1
가산디지털단지역,126.882661758356,37.4803959660982,2
간석역,126.69351903231802,37.46470628162983,1
개봉역,126.858715959622,37.4946417150651,1
관악역,126.90849999541258,37.41956795517324,1
광명역,126.884803975489,37.4164513418111,1
광운대역,127.061695160651,37.6238373628149,2
구로역,126.88230806229326,37.50334155631282,1
구일역,126.86969110539,37.496254517687,1
군포역,126.948517502286,37.35419227847359,1
금정역,126.94347315682283,37.37246820714397,2
금천구청역,126.893608614581,37.4561943743749,1
남영역,126.97133096608212,37.540566672483216,1
노량진역,126.940893179777,37.5135856714992,2
녹양역,127.042279351606,37.759385253302,1
녹천역,127.05138201885734,37.644633445567656,1
당정역,126.94837119045768,37.343689819399884,1
대방역,126.92649449142719,37.51335413975466,1
덕계역,127.056691678415,37.8187525814885,1
덕정역,127.06155932141,37.8431876500694,1
도봉역,127.045534886672,37.6792119046658,1
도봉산역,127.04606271663916,37.68951167833238,2
도원역,126.64253515710824,37.46877255664296,1
도화역,126.668575935273,37.4661175111199,1
독산역,126.88947790336374,37.46597376787178,1
동대문역,127.01063381083677,37.571669405802616,2
동두천역,127.05492800053,37.9276132662293,1
동두천중앙역,127.05642330094,37.9017807357936,1
동묘앞역,127.016364227103,37.5732166600283,2
동암역,126.702889753462,37.4706957867304,1
동인천역,126.63261605410459,37.4754032677399,1
두정역,127.149080841068,36.8335990318913,1
망월사역,127.047418285506,37.7102191609902,1
명학역,126.935592791667,37.3844604191546,1
방학역,127.044321721307,37.6674383662755,1
배방역,127.052788090648,36.7776965014173,1
백운역,126.707294407871,37.483342495597,1
병점역,127.03320037309325,37.206752699495524,1
보산역,127.0571810247491,37.914144018035586,1
봉명역,127.1360381121,36.8014198330363,1
부개역,126.740730089704,37.488477043182,1
부천역,126.783081743529,37.4839888842916,1
부평역,126.724331088618,37.4894490429055,2
서동탄역,127.051856779194,37.1957351505295,1
서울역,126.970606917394,37.5546788388674,4
서정리역,127.052881703722,37.0565637021655,1
석계역,127.06568946412851,37.61500552731744,2
석수역,126.90232078368835,37.43509293822681,1
성균관대역,126.971022000022,37.3003290017027,1
성환역,127.126886792061,36.9161367869934,1
세류역,127.01379969649852,37.243872520123844,1
세마역,127.043426817312,37.1871352848477,1
소사역,126.79564427244556,37.48280032710237,1
소요산역,127.061128608638,37.9488975919392,1
송내역,126.75316170607587,37.48764230897348,1
송탄역,127.05428046136659,37.0757126572027,1
수원역,127.000094700292,37.2657903079673,2
시청역,126.97719821079865,37.56534539636417,4
신길역,126.91836721069228,37.51678703217714,2
신도림역,126.891312500851,37.508908482648,2
신설동역,127.024456700382,37.5760299683175,3
신이문역,127.067398003775,37.6017816437084,1
신창역,126.951393082675,36.7696422998843,1
쌍용역,127.121378271233,36.7937257780754,1
아산역,127.104380324936,36.7946033734687,1
안양역,126.922643794145,37.4018568034268,1
양주역,127.044721319691,37.7741421622165,1
역곡역,126.81205932067193,37.485314358615625,1
영등포역,126.90787602747,37.5156836953862,1
오류동역,126.84480744815397,37.49439720933549,1
오산역,127.066630122646,37.1447171633287,1
오산대역,127.063075726398,37.1693504386917,1
온수역,126.823847928009,37.4919675365056,2
온양온천역,127.003181472942,36.7805448837693,1
외대앞역,127.06369251069,37.5962732416653,1
용산역,126.964824061815,37.5300763645794,3
월계역,127.058857087601,37.6332775453974,1
의왕역,126.9479765012,37.3203421132836,1
의정부역,127.045956826767,37.7383624923599,1
인천역,126.616821060576,37.4761676094062,2
제기동역,127.03494949507864,37.57817349658033,1
제물포역,126.65749387411809,37.466819329634994,1
종각역,126.98315081716676,37.570227990912244,1
종로3가역,126.992153252476,37.570420844523,3
종로5가역,127.00153834521934,37.57097610838373,1
주안역,126.679970189053,37.4650532935666,2
중동역,126.764535113735,37.4866816250266,2
지제역,127.069832738374,37.0187818090483,1
지행역,127.05579309162063,37.892342734325595,1
직산역,127.143823728817,36.8709328418739,1
진위역,127.062355993621,37.1100790285838,1
창동역,127.047644999036,37.6533385121404,2
천안역,127.146845628883,36.8090015453417,1
청량리역,127.048504385911,37.5807329338809,3
평택역,127.085291092947,36.9909823564826,1
화서역,126.9896120326472,37.2840016829776,1
회기역,127.058048369273,37.5897962196601,3
회룡역,127.047295368138,37.7238058806629,2
강남역,127.02800140627488,37.49808633653005,2
강변역,127.094741101863,37.5351180385975,1
건대입구역,127.06920291650829,37.54040751726388,2
교대역,127.013867969161,37.4927431676548,5
구로디지털단지역,126.901473080039,37.4852605752505,1
구의역,127.086180837795,37.5371752725594,1
까치산역,126.846444264065,37.5322306724471,2
낙성대역,126.963523905001,37.4770932409965,1
당산역,126.902611795523,37.5347843171332,2
대림역,126.894931036051,37.4933099444417,2
도림천역,126.882649092584,37.5145080414761,1
동대문역사문화공원역,127.009005301929,37.5656635044556,3
뚝섬역,127.04738727881,37.547241554679,1
문래역,126.894778820701,37.5179757181801,1
방배역,126.997553345516,37.4814561268152,1
봉천역,126.941686527151,37.4824725161034,1
사당역,126.98155858357366,37.47656223234824,2
삼성역,127.06302321147605,37.508822740225305,1
상왕십리역,127.02927241035283,37.56443666620397,1
서울대입구역,126.952713197762,37.4812845080678,1
서초역,127.007662120039,37.4918499338918,1
선릉역,127.04896282498558,37.504497373023206,2
성수역,127.056066999327,37.5445888153751,1
신답역,127.047080117369,37.5698386846442,1
신당역,127.019477533278,37.5656730531732,2
신대방역,126.91350747615147,37.48765046104574,1
신림역,126.929745374123,37.4842680361482,1
신정네거리역,126.852889567642,37.5202231231721,1
신촌역,126.93698075993808,37.555198169366435,2
아현역,126.95614644008904,37.55740617797663,1
양천구청역,126.865722369229,37.5123888716808,1
역삼역,127.03646946847,37.5006744185994,1
영등포구청역,126.89667739939,37.5258305311402,2
왕십리역,127.03710337610202,37.561268363317176,4
용답역,127.05088954367504,37.562122776762756,1
용두역,127.038275698211,37.5740621283646,1
을지로3가역,126.99098443539428,37.56629149790628,2
을지로4가역,126.997632059113,37.5666405038268,2
을지로입구역,126.9821953112953,37.566035517712955,1
이대역,126.94642954546576,37.556814718869,1
잠실역,127.10023101886318,37.51331105877401,2
잠실나루역,127.103808749487,37.5207124124456,1
잠실새내역,127.086314327913,37.5116263587296,1
종합운동장역,127.073849447402,37.5111446632705,3
충정로역,126.96449207476172,37.55976328822766,2
한양대역,127.043639802768,37.5557159860408,1
합정역,126.91445406513526,37.54991315995173,2
홍대입구역,126.923778562273,37.5568707448873,3
가락시장역,127.118262745146,37.4930992522183,2
경복궁역,126.973691352767,37.5758061234865,1
경찰병원역,127.124482397777,37.4960049150853,1
고속터미널역,127.00512100872538,37.50454885557265,3
구파발역,126.918852820009,37.6364357889145,1
금호역,127.01582916945283,37.548260922874086,1
남부터미널역,127.01620028391,37.4851996335293,1
녹번역,126.935828008217,37.6008067681825,1
대곡역,126.810929998862,37.6316955592152,3
대청역,127.07952812085006,37.49370832148055,1
대치역,127.063203409529,37.4944966528582,1
대화역,126.747500970967,37.676157377075,1
도곡역,127.05549883514037,37.49097398162934,2
독립문역,126.95791371132584,37.57446627898665,1
동대입구역,127.00531600900922,37.55905581925076,1
마두역,126.77761059652867,37.65224113444557,1
매봉역,127.046711448388,37.4869394661317,1
무악재역,126.950230954136,37.5825632263526,1
백석역,126.788131509803,37.6429623651607,1
불광역,126.930315826401,37.6100477979795,1
삼송역,126.895671839107,37.6530749531282,1
수서역,127.104469788175,37.4852951142482,2
신사역,127.02030856272764,37.51643597531432,1
안국역,126.98542143228659,37.57650192060523,1
압구정역,127.02850865895756,37.52649127416921,1
약수역,127.010891666957,37.5545053994984,2
양재역,127.03416413380752,37.48457681195669,2
연신내역,126.921100704496,37.6192032466353,1
오금역,127.127953219596,37.5021388575469,2
옥수역,127.017393782846,37.5415662783673,2
원당역,126.842918441607,37.6531102058516,1
원흥역,126.87302523491,37.6506921774602,1
일원역,127.084129757128,37.4839886684666,1
잠원역,127.011419491429,37.5128899169357,1
정발산역,126.773405960872,37.659480619983,1
주엽역,126.761263524195,37.6701494878278,1
지축역,126.913854269202,37.6481486423031,1
충무로역,126.994150735779,37.5613965840169,2
학여울역,127.071166599707,37.4968851977644,1
홍제역,126.944158007985,37.5887953806088,1
화정역,126.832688422366,37.6346440058753,2
경마공원역,127.007838042533,37.4439629881231,1
고잔역,126.82359875532677,37.3167693077138,1
과천역,126.99661712263098,37.43287530237988,1
길음역,127.02506019737066,37.603394782316634,1
남태령역,126.989085267707,37.4642499558525,1
노원역,127.063449137455,37.6563403513278,2
당고개역,127.079066619316,37.6702168353314,1
대공원역,127.006752481821,37.4360557449009,2
대야미역,126.916897519557,37.327965125951,1
동작역,126.9803148383829,37.50297957674478,2
명동역,126.98640235001736,37.56096526943837,1
미아역,127.026041090189,37.6266544891889,1
미아사거리역,127.03008663628454,37.61327836400571,1
반월역,126.90382444207,37.3123817631801,1
범계역,126.950783269518,37.3897837540429,1
산본역,126.933046329836,37.3580193085257,1
삼각지역,126.972922951307,37.5344393447708,2
상계역,127.073421632239,37.660720544722,1
상록수역,126.8666056400078,37.30285235924208,1
선바위역,127.00222869400723,37.451747988798516,1
성신여대입구역,127.0171260607647,37.59296812939267,2
수리산역,126.92563095069,37.3505579695805,1
수유역,127.02550910860451,37.63788539420793,1
숙대입구역,126.972118127373,37.5445952301115,1
신길온천역,126.76752183250063,37.33737450574518,1
신용산역,126.967965039183,37.5292591489375,1
쌍문역,127.03465609756,37.6485426057036,1
안산역,126.7892163493839,37.32685867641246,1
오이도역,126.73840352940697,37.36170269464333,2
이촌역,126.97354268961969,37.52241291383126,2
인덕원역,126.976679855187,37.4014941709597,1
정부과천청사역,126.989868044926,37.4265047272927,1
정왕역,126.74335018635819,37.351701334544885,1
중앙역,126.83883035405907,37.31599451967913,2
초지역,126.80647314589804,37.3204403767323,1
총신대입구역,126.982211871752,37.4867995957995,1
평촌역,126.9638080221341,37.39423950914369,1
한대앞역,126.85402320176591,37.309429480381965,1
한성대입구역,127.00601781685579,37.58842461354086,1
혜화역,127.00194500977393,37.58204391787134,1
회현역,126.9784372569283,37.55876114587941,1
강동역,127.132396300314,37.5358819145235,1
개롱역,127.135079598384,37.4979682783882,1
개화산역,126.806814314979,37.5725371505293,1
거여역,127.143773841911,37.4933304500736,1
고덕역,127.15416500963447,37.55504766830918,1
공덕역,126.951451177648,37.5445416897534,4
광나루역,127.103521464507,37.5452991715677,1
광화문역,126.97642427981408,37.57164860977568,1
군자역,127.0795106156054,37.557151488837924,2
굽은다리역,127.14288387331297,37.54551759022203,1
길동역,127.140021295948,37.5378264874159,1
김포공항역,126.80191361988808,37.56196757232288,3
답십리역,127.05256127651293,37.56697480965114,1
둔촌동역,127.13621464981398,37.52765684247226,1
마곡역,126.82469691791624,37.56022863776301,1
마장역,127.042984855663,37.5661389565959,1
마천역,127.152859864985,37.4950381629493,1
마포역,126.94586257221307,37.53955402908912,1
명일역,127.14404374474,37.5513978958277,1
목동역,126.86462527157516,37.526135115923466,1
발산역,126.83773640693936,37.558677743241596,1
방이역,127.126096046986,37.5087506251989,1
방화역,126.812819296675,37.5776031994404,1
상일동역,127.165905758209,37.5566778757215,1
서대문역,126.96663755850754,37.56575193662503,1
송정역,126.812430347154,37.5611612387718,2
신금호역,127.02049316578315,37.55447619249223,1
신정역,126.856097474225,37.5250276134139,1
아차산역,127.08956495447913,37.55224917071854,1
애오개역,126.956669363197,37.5534131497489,1
양평역,126.886419282885,37.5255796429707,2
여의나루역,126.93298596744,37.5271469489465,1
여의도역,126.92466104293,37.5211700890445,2
영등포시장역,126.905179566968,37.522709383885,1
오목교역,126.875307312696,37.5245340839144,1
올림픽공원역,127.130963675401,37.5163389870117,1
우장산역,126.83632627213518,37.54881618721654,1
장한평역,127.06370373106944,37.5616038910656,1
천호역,127.12392845044,37.5385112120297,2
청구역,127.013943845279,37.5602101936978,2
행당역,127.029511840513,37.5573637818732,1
화곡역,126.840455026335,37.5416507925709,1
고려대역,127.03630828564728,37.59044191064368,1
광흥창역,126.93202965599583,37.54748648317645,1
녹사평역,126.9865496751,37.5347227952064,1
대흥역,126.942473188734,37.5476479056751,1
돌곶이역,127.0564381246322,37.61054501416126,1
디지털미디어시티역,126.90127778415635,37.57601374718818,3
마포구청역,126.903425598797,37.5634871865932,1
망원역,126.910094329982,37.5560826563712,1
버티고개역,127.006730866101,37.5478275106099,1
보문역,127.020003515933,37.585541696968,2
봉화산역,127.09136011564394,37.617350836302734,1
상수역,126.92242989321456,37.54776618366393,1
상월곡역,127.048829192974,37.6065588265169,1
새절역,126.913580663181,37.5908600479967,1
안암역,127.029233420248,37.586307417971,1
월곡역,127.041460725816,37.6018044172918,1
월드컵경기장역,126.899098148061,37.5696355653344,2
응암역,126.9155399209037,37.5984928632876,1
이태원역,126.994333861918,37.5345252050511,1
증산역,126.909494991105,37.583746353282,2
창신역,127.01529688465331,37.57941474393655,1
태릉입구역,127.075405300578,37.618459513199,2
한강진역,127.001765135176,37.5397907743775,1
화랑대역,127.08354181123269,37.61984245540276,1
효창공원앞역,126.96139810075,37.5393087503306,2
강남구청역,127.0413109462156,37.51721617197854,2
공릉역,127.073033585328,37.6255427648558,1
광명사거리역,126.854873735158,37.4792983082726,1
굴포천역,126.7313475774674,37.50704649360379,1
까치울역,126.81133962285816,37.506227351130065,1
남구로역,126.88741505160269,37.48625714438263,1
남성역,126.97091020065321,37.484793511299706,1
내방역,126.993600180589,37.4876585212369,1
논현역,127.02165424259898,37.51120000205266,1
뚝섬유원지역,127.066796230331,37.5315583755646,1
마들역,127.057712619869,37.6652017465321,1
먹골역,127.077762187968,37.6106193846197,1
면목역,127.087503803859,37.5887148877725,1
반포역,127.011586161943,37.5081614290284,1
보라매역,126.92061230710924,37.49992085496506,1
부천시청역,126.76401271224958,37.504657430273305,1
부천종합운동장역,126.797233841984,37.5054255130821,1
부평구청역,126.72143971800028,37.50743350044892,2
사가정역,127.088504554212,37.5809403751459,1
삼산체육관역,126.7414221320359,37.50650314706075,1
상도역,126.947917975554,37.5028706251049,1
상동역,126.753192450274,37.50578860265,1
상봉역,127.085746686941,37.5967097755022,3
수락산역,127.055350968781,37.6778814656816,1
숭실대입구역,126.953621963422,37.4963172817574,1
신대방삼거리역,126.92821094566965,37.499757228908564,1
신중동역,126.776897204578,37.5029525402622,1
신풍역,126.90975434386,37.5001229935524,1
어린이대공원역,127.07465525507352,37.54796087622509,1
용마산역,127.08671982507775,37.57366797492471,1
이수역,126.982211871752,37.4867995957995,1
장승배기역,126.939072381356,37.5048990621814,1
장암역,127.052818310578,37.699956566426,1
중계역,127.06411035896,37.6450921230569,1
중곡역,127.08431236632154,37.56592206115955,1
중화역,127.079312037122,37.6025526943256,1
천왕역,126.83860534807998,37.48685558277736,1
철산역,126.868211027014,37.4761928424537,1
청담역,127.053717937903,37.519455579961,1
춘의역,126.786996627015,37.5036991939036,1
하계역,127.067991278758,37.6364765391858,1
학동역,127.03190190063152,37.51434578734927,1
강동구청역,127.12044373032,37.5302111983522,1
남한산성입구역,127.159882577768,37.4516686968693,1
단대오거리역,127.156769790167,37.44502248894697,1
모란역,127.129970457799,37.4340382896277,2
몽촌토성역,127.11286534895457,37.5178055794687,1
문정역,127.122484886901,37.4860310539381,1
복정역,127.126724009736,37.4707418689753,2
산성역,127.14994186233623,37.456881468719025,1
석촌역,127.107004062699,37.5054141216925,1
송파역,127.112193506363,37.4997149535067,1
수진역,127.140534508419,37.4373779787206,1
신흥역,127.147538132656,37.4409230460675,2
암사역,127.12754072968517,37.55015818096496,1
장지역,127.12617656737,37.4786316933099,1
가양역,126.85442142615852,37.56143311719883,1
개화역,126.796891362602,37.5783445148797,1
공항시장역,126.81060964296609,37.56368922800772,1
구반포역,126.987464905696,37.5014398319603,1
국회의사당역,126.91783895106,37.5281465047706,1
노들역,126.953096069577,37.5126721234205,1
등촌역,126.86557100595411,37.550728980328884,1
마곡나루역,126.827420928424,37.5667126094974,1
봉은사역,127.060233935114,37.5142554489848,1
사평역,127.015272484531,37.5042326273953,1
삼성중앙역,127.053043676912,37.5129614511319,1
샛강역,126.928375058271,37.5173737710931,1
선유도역,126.89333386450167,37.53815865606546,1
선정릉역,127.043627289129,37.5109326388803,2
신논현역,127.025492036104,37.504811111562,1
신목동역,126.883095790252,37.5442883741577,1
신반포역,126.996082392175,37.5035091412544,1
신방화역,126.81723757150974,37.56748745669626,1
양천향교역,126.841978835328,37.5680808809647,1
언주역,127.033970921595,37.5073353959717,1
염창역,126.874871603971,37.546982941543,1
증미역,126.86063675500975,37.558133059903305,1
흑석역,126.963463063008,37.5091654719404,1
4.19민주묘지역,127.01369763482,37.6495307746374,1
가오리역,127.01676896839822,37.6415440572233,1
북한산보국문역,127.008263392003,37.6121367531121,1
북한산우이역,127.01275713087601,37.66288704047998,1
삼양역,127.018156780705,37.6269190539283,1
삼양사거리역,127.020488845069,37.6213181360851,1
솔밭공원역,127.013268181236,37.6559782562487,1
솔샘역,127.01355180603669,37.620259575206596,1
정릉역,127.013539545056,37.602614606648,1
화계역,127.017510491529,37.6340873974011,1
경기광주역,127.253282668137,37.3989438131636,1
곤지암역,127.346251343712,37.3505395429634,1
부발역,127.490321502069,37.2603923465465,1
삼동역,127.20338391386589,37.40868738382225,1
세종대왕릉역,127.570659645212,37.2936335226433,1
신둔도예촌역,127.40524300441095,37.3156131233126,1
여주역,127.628529053998,37.2828596478666,1
이매역,127.127318661399,37.3947135146921,2
이천역,127.44216788016918,37.264225761758865,1
초월역,127.299905223152,37.3733791295012,1
판교역,127.111196698916,37.3947766273829,2
가좌역,126.914824171209,37.5687541714336,1
강매역,126.84449823065067,37.6122904718741,1
곡산역,126.801806892782,37.6457575538988,1
구리역,127.143350984187,37.6032707405088,1
국수역,127.399309828929,37.5161871164552,1
금릉역,126.765410119425,37.7513389843704,1
금촌역,126.774619832917,37.7661616079929,1
능곡역,126.820422359748,37.6190245080032,1
덕소역,127.208842710609,37.5868903292078,1
도농역,127.161178663222,37.6087726045416,1
도심역,127.222683857886,37.579639075911,1
망우역,127.092367383432,37.5992960295399,2
문산역,126.787395378931,37.854626895054,1
백마역,126.79461646967,37.658016621853,1
서강대역,126.935507621173,37.5521384864879,1
서빙고역,126.98841094338457,37.519568139395346,1
수색역,126.895659539922,37.5808157167381,1
신원역,127.373091698635,37.5255855578889,1
아신역,127.443211499187,37.5139186008078,1
야당역,126.761453983315,37.712611015679,1
양수역,127.329138380916,37.5459634283124,1
양원역,129.09127875721,36.963793235074,1
양정역,127.19466908658632,37.604027962835566,2
오빈역,127.473661407181,37.5061671737276,1
용문역,127.594385099556,37.4826099970057,2
운길산역,127.310231608596,37.5546425431665,1
운정역,126.76716330229101,37.72560181256856,1
원덕역,127.546558679899,37.468781735546,1
월롱역,126.792585875504,37.7962146380874,1
응봉역,127.034483653629,37.5499526279456,1
일산역,126.770022642636,37.6820129415088,1
중랑역,127.075680398461,37.5948425975025,2
지평역,127.629671068247,37.4768806832667,1
탄현역,126.761078262576,37.6939889446111,1
파주역,126.79269130281,37.8153655831005,1
팔당역,127.243966151989,37.5473594340956,1
풍산역,126.786275217066,37.6723381857514,1
한남역,127.009209110584,37.5294289189437,1
행신역,126.83427956001252,37.611966624548124,1
화전역,126.868385723589,37.6033132442999,1
가평역,127.51073942455,37.8145200514507,1
갈매역,127.114760741021,37.6340689252244,1
강촌역,127.634151572422,37.805721704842,1
굴봉산역,127.557769861431,37.8320661917515,1
금곡역,127.207533674718,37.6373551430559,2
김유정역,127.714323967766,37.8184490071056,1
남춘천역,127.723818912124,37.8640540774308,1
대성리역,127.379706254541,37.6839900741502,1
마석역,127.311686554885,37.652792215501,1
백양리역,127.589324987859,37.8307917497493,1
별내역,127.126969149167,37.6420679726917,1
사릉역,127.17692620365439,37.65112427884554,1
상천역,127.454515681516,37.7701784041516,1
신내역,127.104271439503,37.6124910157349,1
천마산역,127.285062700362,37.6592276778117,1
청평역,127.426622860785,37.7355163992466,1
춘천역,127.716698593345,37.884512737384,1
퇴계원역,127.14353713662,37.6482657629059,1
평내호평역,127.244438968688,37.6532138128125,1
가천대역,127.1266967573021,37.44856169280611,1
개포동역,127.066120707828,37.4891394691891,1
구룡역,127.059492941655,37.4870274262116,1
구성역,127.105695833197,37.2989770487314,1
기흥역,127.11704645705142,37.27545287699772,2
대모산입구역,127.073070274916,37.4915500752654,1
망포역,127.056854781327,37.2458383703858,1
매교역,127.01590057208,37.2655153235144,1
매탄권선역,127.040808657326,37.2525055074191,1
미금역,127.10900662549734,37.35007159880101,1
보정역,127.108336816968,37.3127749181936,1
상갈역,127.108737254546,37.261811831367,1
서울숲역,127.044746216358,37.543645796605,1
서현역,127.123431479636,37.3850154269126,1
수내역,127.114288846291,37.3784687674046,1
수원시청역,127.030857188083,37.2619226180172,1
신갈역,127.111284750107,37.2861483619847,1
압구정로데오역,127.0406027693898,37.5275184818021,1
야탑역,127.128742990837,37.4113736407028,1
영통역,127.07133191773,37.2515035095752,1
오리역,127.108948940053,37.3398305519823,1
정자역,127.108097457244,37.3661737923199,2
죽전역,127.107505020642,37.3243773830569,2
청명역,127.078969000537,37.2595395723925,1
태평역,127.12774980543841,37.43978918729356,1
한티역,127.052909749417,37.4962857047653,1
남동인더스파크역,126.695227491501,37.4077423820652,1
달월역,126.74540347645,37.3800267658985,1
소래포구역,126.733492081979,37.4009402347666,1
송도역,126.654675713707,37.4299616326114,1
숭의역,126.63841022084426,37.460799611154286,1
신포역,126.624533685908,37.4684545360849,1
연수역,126.67874745918827,37.41792798381812,1
원인재역,126.687889114089,37.4123688782408,2
월곶역,126.742707561155,37.3918207044367,1
인천논현역,126.722452080127,37.4006589466073,1
인하대역,126.649763418519,37.4483386165197,1
호구포역,126.708683171095,37.4016421735726,1
광교역,127.044268853097,37.3021119263654,1
광교중앙역,127.051726324729,37.2883843017536,1
동천역,127.102870440698,37.3378429142383,2
상현역,127.069363534097,37.2978289663421,1
성복역,127.08038367116,37.3135324511783,1
수지구청역,127.094658560596,37.322492584304,1
양재시민의숲역,127.038471341381,37.4701332061395,1
청계산입구역,127.054720327179,37.4483547387397,1
강남대역,127.12606689205987,37.27017072715994,1
고진역,127.21418360142515,37.244638336050315,1
김량장역,127.19861087939051,37.23732377067836,1
동백역,127.15269056435368,37.269101384338924,2
둔전역,127.21363872279483,37.26721221736258,1
명지대역,127.19029130857074,37.23807628801618,1
보평역,127.21848076908013,37.258964266014694,1
삼가역,127.16817999042203,37.24205993395667,1
시청.용인대역,127.17888509175044,37.23944203003437,1
어정역,127.14374986977646,37.27495131826632,1
운동장.송담대역,127.20905264479066,37.237911300345324,1
전대.에버랜드역,127.21950896826833,37.28541326931372,1
지석역,127.13663256032949,37.269737317702365,1
초당역,127.15946923688787,37.26080647373655,1
경기도청북부청사역,127.071617829299,37.7507650408734,1
경전철의정부역,127.04330596631,37.7372643130628,1
곤제역,127.083822421136,37.7505371570413,1
동오역,127.056985043204,37.745269911047,1
발곡역,127.052969199269,37.7271478742052,1
범골역,127.043668564435,37.7287878498671,1
새말역,127.063759511679,37.7488486906286,1
송산역,127.08721549161,37.7372760423191,1
어룡역,127.085206837732,37.7426941378158,1
의정부시청역,127.034848091039,37.739234834508,1
의정부중앙역,127.049649812523,37.7436803165603,1
탑석역,127.088908165858,37.7334871006703,1
효자역,127.077226606947,37.7539905661041,1
흥선역,127.03717589317614,37.74328307869396,1
간석오거리역,126.707918490817,37.4670826685298,1
갈산역,126.721550773775,37.5171177260985,1
경인교대입구역,126.722631302651,37.538124360683,1
계산역,126.7277312169,37.5433079533771,1
계양역,126.73627367694554,37.57177084709832,2
국제업무지구역,126.630542158102,37.3996578386606,1
귤현역,126.742679119614,37.5662988350728,1
동막역,126.673448014592,37.3979424375979,1
동수역,126.718606270842,37.4855071635951,1
동춘역,126.680851046438,37.404576119239,1
문학경기장역,126.698449383593,37.4346513434001,1
박촌역,126.74506746745,37.5536612597496,1
부평삼거리역,126.71029378166388,37.477834830017315,1
부평시장역,126.722285373949,37.4983641942962,1
선학역,126.69892316532737,37.4269470843403,1
센트럴파크역,126.634988814949,37.3928455432657,1
신연수역,126.694019681969,37.4181081550544,1
예술회관역,126.700916120922,37.4485259845342,1
인천대입구역,126.639542234479,37.3862063921103,1
인천시청역,126.70223575350143,37.45773583769292,2
인천터미널역,126.699694889876,37.4419166733897,1
임학역,126.738633379569,37.5450120455649,1
작전역,126.722560827351,37.5302710952892,1
지식정보단지역,126.645861381029,37.37750721892,1
캠퍼스타운역,126.662206121031,37.38844295632,1
테크노파크역,126.656299104753,37.3822809834253,1
가재울역,126.683769149033,37.4841504406643,1
가정역,126.675357432309,37.5248168619511,1
가정중앙시장역,126.676823324228,37.5175263931377,1
검단사거리역,126.65643839271,37.6016612295398,1
검단오류역,126.627907494962,37.5949434686845,1
검바위역,126.677531491203,37.5611257424349,1
검암역,126.67364220875055,37.56925281871912,2
남동구청역,126.736565773149,37.4481747324298,1
독정역,126.67600264877679,37.58484825991949,1
마전역,126.667223457118,37.5976340869751,1
만수역,126.731736248865,37.4549755117309,1
모래내시장역,126.719621557604,37.4558628174958,1
서구청역,126.676844673062,37.5440446154284,1
서부여성회관역,126.675870541598,37.5003434953542,1
석남역,126.67630003104057,37.507474300017016,1
석바위시장역,126.692353074376,37.4576690774014,1
석천사거리역,126.710422456642,37.4567884972007,1
시민공원역,126.681074618963,37.4583852139167,1
아시아드경기장역,126.677107520162,37.5513145630525,1
완정역,126.673033100577,37.5928390497566,1
왕길역,126.642477372147,37.595129055954,1
운연역,126.759606687799,37.4396425989597,1
인천가좌역,126.675242029489,37.4898360731372,1
인천대공원역,126.752851963764,37.4484766105613,1
주안국가산단역,126.68122005538342,37.47391267095278,1
공항화물청사역,126.47751440637,37.4590625046021,1
영종역,126.524975940011,37.5120289919535,1
운서역,126.493729942049,37.4928088834418,1
인천공항1터미널역,126.452583415737,37.4475285398516,2
인천공항2터미널역,126.433640888212,37.4688002145258,1
청라국제도시역,126.62465841357525,37.55646453155236,1
각산역,128.72424172030216,35.86799440106771,1
대구역,128.596277196438,35.8759487657024,1
대명역,128.565944864274,35.8393253088268,1
동구청역,128.631936380127,35.8840411124294,1
동대구역,128.628393775388,35.8793239931795,1
동촌역,128.650275999718,35.8860685418711,1
명덕역,128.59110945231205,35.857826850760546,2
반야월역,128.71360316643197,35.86596683682594,1
반월당역,128.59333739255734,35.86449822913336,2
방촌역,128.67017529155623,35.879640495861686,1
상인역,128.537763550346,35.8189266589744,1
설화명곡역,128.48936186250194,35.79871751927962,1
성당못역,128.557190858302,35.8371825987976,1
송현역,128.551723656305,35.8310389735877,1
신기역,129.084995018829,37.345937743311,1
신천역,127.086314327913,37.5116263587296,1
아양교역,128.639921198411,35.8872016497293,1
안심역,128.733769742803,35.8712130165849,1
안지랑역,128.573734314089,35.8392307420216,1
영대병원역,128.588073922024,35.8441641859564,1
용계역,128.682019041156,35.8761013615665,1
월배역,128.53039944745,35.8161802095518,1
월촌역,128.545472867668,35.8237012191661,1
율하역,128.692713541869,35.8698017965623,1
중앙로역,127.4258281669503,36.32866530912132,2
진천역,128.523079769978,35.8138797140673,1
칠성시장역,128.605133646666,35.8761010648655,1
해안역,128.659618182185,35.883546382084,1
현충로역,128.581471198973,35.8409494737259,1
화원역,128.500726490573,35.8044715972212,1
감삼역,128.548124584983,35.85430901539491,1
강창역,128.47852956757,35.8530815302455,1
경대병원역,128.6029028791839,35.863145404232455,1
계명대역,128.491849809882,35.8515182536424,1
고산역,128.693244868779,35.8429442127885,1
내당역,128.564640260301,35.8601228229147,1
다사역,128.458390514465,35.8648265376596,1
담티역,128.653975174296,35.8547807171623,1
대구은행역,128.61411950785075,35.8597628015782,1
대실역,128.465249990912,35.8576058595846,1
두류역,128.555687477795,35.8572148462546,1
만촌역,128.644747980508,35.8588579996533,1
문양역,128.437002637504,35.8641579148789,1
반고개역,128.572719232126,35.8622521621908,1
범어역,128.626804891905,35.859019444441,1
사월역,128.71530783739777,35.83703160646826,1
성서산업단지역,128.507000383565,35.8517148505664,1
수성구청역,128.635638667651,35.8588057624788,1
신남역,128.582380299872,35.864197913328,2
신매역,128.705125542668,35.8408117112752,1
연호역,128.67168212651,35.8465875965262,1
영남대역,128.752763532,35.8362116642388,1
이곡역,128.5157955477842,35.85059490342399,1
임당역,128.74084813804066,35.83412938415609,1
정평역,128.728671269463,35.8340447735875,1
건들바위역,128.599699303506,35.8553896143222,1
공단역,126.80647314589804,37.3204403767323,1
구암역,127.330731986244,36.356695510518,2
남산역,128.583462127899,35.8566969364077,2
달성공원역,128.582099523544,35.8756894052121,1
대봉교역,128.60637516764342,35.855001346752566,1
만평역,128.56106304973693,35.88983602273649,1
매천역,128.543413422111,35.9126784247052,1
매천시장역,128.545741973708,35.9043687510623,1
범물역,128.640112691676,35.820839170227,1
북구청역,128.58142701792312,35.88374367155882,1
서문시장역,128.582245500572,35.8696678378541,1
수성구민운동장역,128.625129180117,35.8524169408054,1
수성못역,128.623216677973,35.8313560544497,1
수성시장역,128.616038217575,35.8543238441176,1
어린이회관역,128.624467732878,35.8451698936519,1
용지역,128.646534534337,35.8182678027764,1
원대역,128.574359233514,35.8878448262803,1
지산역,128.631951304556,35.825153218139,1
칠곡경대병원역,128.559895264986,35.9583910233172,1
칠곡운암역,128.554539499622,35.9314624364377,1
태전역,128.547426311675,35.9196484719641,1
팔거역,128.558336690689,35.9440507618416,1
팔달역,128.546749099511,35.8978386982277,1
팔달시장역,128.567880684049,35.8888415481729,1
학정역,128.559202329079,35.9515586052486,1
황금역,128.623918523675,35.8390783843098,1
갈마역,127.372796710623,36.3575809907703,1
갑천역,127.354690249086,36.3547487461809,1
노은역,127.317883531845,36.3741446787189,1
대동역,127.442837712837,36.3295857807756,1
대전역,127.43411216191,36.332299690899,1
반석역,127.31455508683969,36.392180531687046,1
서대전네거리역,127.41257645927034,36.32242246757099,1
오룡역,127.40492144995,36.3286893013728,1
월평역,127.364599812571,36.3582587338705,1
유성온천역,127.341445807064,36.3537203343187,1
정부청사역,126.989868044926,37.4265047272927,1
중구청역,127.419552786885,36.3248034278274,1
지족역,127.319497778302,36.3841073391355,1
탄방역,127.384569666381,36.3455472425069,1
판암역,127.458427352399,36.3169610007362,1
현충원역,127.3217976064,36.3590845904517,1
공항역,126.81163183518822,35.14407609242912,2
광주송정역,126.79080503506053,35.13766750683345,1
금남로4가역,126.914526339474,35.150725420206,1
금남로5가역,126.90931949178001,35.15419277418956,1
김대중컨벤션센터역,126.841569332512,35.1432572303967,1
남광주역,126.922978672689,35.1393018227168,1
녹동역,126.93399541177,35.106787076597,1
농성역,126.88372612030611,35.15328307708562,1
도산역,126.78799483393821,35.131776733914876,1
돌고개역,126.89493020259164,35.151662750226315,1
문화전당역,126.919903490043,35.1465972550305,1
상무역,126.848542149637,35.1466624736265,1
소태역,126.932411042605,35.1233388911729,1
송정공원역,126.79936687021848,35.14354984173234,1
쌍촌역,126.86953837305741,35.15159570722761,1
양동시장역,126.901277990948,35.1543243970299,1
운천역,126.769754046937,37.8799680237519,1
평동역,126.769582969722,35.1247287298032,1
학동.증심사입구역,126.928405063266,35.1327288057728,1
괴정역,128.992487217814,35.0999358214704,1
구서역,129.091288325323,35.2472824601624,1
남포역,129.03473562824252,35.09790554832192,1
낫개역,128.979663395342,35.065334914564,1
노포역,129.09502424558,35.2838438093648,1
다대포항역,128.971306868032,35.0576775626584,1
다대포해수욕장역,128.965782934439,35.0481605146045,1
당리역,128.973696685691,35.1035668582463,1
대티역,128.999943470572,35.1031581926258,1
동대신역,129.0177333285286,35.11032054771603,1
동래역,129.0784743842795,35.20561606540984,3
동매역,128.973526035966,35.0897562520489,1
두실역,129.091371463912,35.2570169811596,1
명륜역,129.079702639717,35.2125752875352,1
범내골역,129.05924810527,35.1473134465248,1
범어사역,129.09264111025075,35.27306328395934,1
범일역,129.0593528545117,35.14080345890983,1
부산대역,129.08942537773808,35.22964948660202,1
부산역,129.04141349917356,35.115101167689716,1
부산진역,129.04761201930125,35.124819326380845,1
부전역,129.060119800439,35.1646514052361,2
사하역,128.983395006332,35.0997677417715,1
서대신역,129.01213289704364,35.11091202151769,1
서면역,129.059300883545,35.157939062512,2
신장림역,128.976593289614,35.0747429522444,1
신평역,128.960618556493,35.0952286648109,1
연산역,127.200806391034,36.2123183958247,2
온천장역,129.086435133803,35.2202705693472,1
자갈치역,129.0260699211048,35.097195508119285,1
장림역,128.977350698097,35.081961734507,1
장전역,129.08814333961908,35.23807481304964,1
좌천역,129.24516392763917,35.31195264417284,1
초량역,129.042661154399,35.1205304214806,1
토성역,129.019785649708,35.1007852525409,1
하단역,128.966786546793,35.1062385683347,1
가야역,129.043313481032,35.1559353192489,1
감전역,128.99147643385,35.1553461063375,1
개금역,129.020568202069,35.1532421422541,1
경성대.부경대역,129.100519243797,35.1376003833537,1
광안역,129.113145418291,35.157858583447,1
구남역,128.994852323186,35.1966903928098,1
구명역,128.999556181232,35.2028092156488,1
국제금융센터.부산은행역,129.066743786541,35.1459205441501,1
금련산역,129.11096146101232,35.14969257761234,1
남양산역,129.019413640564,35.3254476866423,1
남천역,129.107838322896,35.1420150673392,1
냉정역,129.012118730836,35.1512560458061,1
대연역,129.092118524312,35.1351251955716,1
덕천역,129.00517512816737,35.210434749918534,2
덕포역,128.983801941146,35.173322543115,1
동원역,129.012410550189,35.2586448319904,1
동의대역,129.032596868027,35.1540609901883,1
모덕역,128.985603131583,35.1804122918444,1
모라역,128.988569733613,35.1895447446342,1
못골역,129.084381118075,35.1347250910939,1
문현역,129.067394840249,35.1390425736004,1
민락역,129.122097073991,35.1670631931086,1
벡스코역,129.136705372019,35.1712399344204,2
부산대양산캠퍼스역,129.013992153753,35.3168258388166,1
부암역,129.0501711324292,35.157364020045065,1
사상역,128.988724714287,35.1625682832279,2
센텀시티역,129.131763997578,35.1689480066604,1
수영역,129.114809550972,35.165680361287,2
수정역,129.009105154949,35.2231832264448,1
양산역,129.026444387383,35.3387498687181,1
율리역,129.01286767118953,35.24625350303768,1
장산역,129.177022545045,35.1699558313015,1
전포역,129.06538457863,35.1530881426641,1
주례역,129.002874383901,35.1504864668448,1
지게골역,129.074424176843,35.1355628667805,1
해운대역,129.158897240251,35.1636479638612,1
호포역,129.017518090893,35.2808327093335,1
화명역,129.007640378399,35.23451172253,1
강서구청역,128.981986450565,35.2111798817286,1
거제역,129.0740916714123,35.18848821355728,2
구포역,128.9971139605,35.2054809460664,1
남산정역,129.02375291133384,35.21332375652248,1
대저역,128.960632678445,35.2130452646571,2
만덕역,129.036274850219,35.2130037763101,1
망미역,129.10831503568375,35.171497899839316,1
물만골역,129.0857095864,35.1767970911539,1
미남역,129.068989663338,35.2068437372256,2
배산역,129.09558177246,35.1734942170739,1
사직역,129.065193277832,35.1986215514386,1
숙등역,129.013192843436,35.2120778435626,1
체육공원역,128.969425373083,35.2124735466918,1
고촌역,126.770325947061,37.601213413053,1
금사역,129.1151206096,35.2157859199559,1
낙민역,129.090778955954,35.200218916242,1
동부산대학역,129.15375363540113,35.2323946024307,1
명장역,129.1018738053871,35.20540841852537,1
반여농산물시장역,129.123995882239,35.2177499579063,1
서동역,129.107524541959,35.2131681497048,1
석대역,129.137020635865,35.2181370268054,1
수안역,129.083848486855,35.2017370185204,1
안평역,126.78027142761,35.3339512298636,1
영산대역,129.14611605582886,35.22559607721028,1
충렬사역,129.09788161135464,35.20028345958105,1
가야대역,128.864973471686,35.2668151307555,1
괘법 르네시떼역,128.977658179095,35.1632721941138,1
김해대학역,128.915582461774,35.22899663473,1
김해시청역,128.890387960522,35.2271218680623,1
대사역,128.938390945621,35.2176967415322,1
덕두역,128.95417861657,35.181994167427,1
등구역,128.963542041197,35.196153352934,1
박물관역,128.871887125462,35.2400585220082,1
봉황역,128.8742777452,35.2272823463239,1
부원역,128.883941949222,35.2264942365647,1
불암역,128.92783103353437,35.222144212820545,1
서부산 유통지구역,128.954910864535,35.1663703106116,1
수로왕릉역,128.872164496608,35.2328195086945,1
연지공원역,128.869286266039,35.2496404839021,1
인제대역,128.901688578174,35.228130760436,1
장신대역,127.103521464507,37.5452991715677,1
지내역,128.923761776687,35.2274754567937,1
평강역,128.950681581985,35.2140387478609,1
거제해맞이역,129.069006857993,35.1812073659835,1
기장역,129.21876600203,35.244723114118,1
센텀역,129.124610266798,35.1792963570473,1
신해운대역,129.177149896917,35.1816430868534,1
안락역,129.100650008395,35.1960901599745,1
오시리아역,129.208312848657,35.1962464517431,1
일광역,129.23309287659126,35.26758209650242,1
재송역,129.120092561969,35.1880806332915,1
용유역,126.423646323362,37.4248334335062,1
워터파크역,126.43416991116,37.4291910812658,1
장기주차장역,126.45562030781,37.4438953040571,1
파라다이스시티역,126.459863313506,37.4371752560381,1
합동청사역,126.458659841085,37.440481844271,1
